name,location,reviews,facilities,price,size,rules,stars
Surfing Beach Village Paros,"Santa Maria Beach, Santa Maria, 84401, Greece","7.6Good 1,002 reviews","['Outdoor swimming pool', 'Family rooms', 'Beachfront', 'Airport shuttle (free)', 'Free WiFi', 'Free parking', 'Restaurant', 'Non-smoking rooms', 'Bar', 'Private beach area']",,,['Pets\n\n\nFree!\nPets are allowed on request. No extra charges.'],3
Londos Hotel,"Piso Livadi, Piso Livadi, 84400, Greece",8.5Very Good 224 reviews,"['Free WiFi', 'Free parking', 'Room service', 'Family rooms', 'Non-smoking rooms', 'Bar', 'Very Good Breakfast']",,,['Pets\n\n\nPets are not allowed.'],2
Paros Inn,"Logaras, Logaras, 84400, Greece",8.1Very Good 282 reviews,"['Non-smoking rooms', 'Room service', 'Facilities for disabled guests', 'Beachfront', 'Restaurant', 'Family rooms', 'Breakfast']",,,['Pets\n\n\nPets are not allowed.'],
Amaryllis Beach Hotel,"Chrissi Akti, Chrissi Akti, 84400, Greece",8.2Very Good 191 reviews,"['Non-smoking rooms', 'Beachfront', 'Free WiFi', 'Restaurant', 'Room service', 'Free parking', 'Family rooms', 'Bar', 'Good Breakfast']",,,['Pets\n\n\nPets are not allowed.'],
Casa Di Roma,"Main Street, Parikia, 84400, Greece",8.3Very Good 981 reviews,"['Outdoor swimming pool', 'Free WiFi', 'Free parking', 'Family rooms', 'Non-smoking rooms', 'Bar', 'Good Breakfast']",,,['Pets\n\n\nFree!\nPets are allowed on request. No extra charges.'],3
La Mer Seaside Apartments,"Drios, Drios, 84400, Greece",9.5Exceptional 60 reviews,"['Free parking', 'Free WiFi', 'Beachfront', 'Family rooms']",,,['Pets\n\n\nFree!\nPets are allowed on request. No extra charges.'],3
Paros Bay,"Parasporos, Parasporos, 84400, Greece",8.8Excellent 482 reviews,"['Pool  – outdoor (kids)', 'Airport shuttle', 'Free parking', 'Facilities for disabled guests', 'Beachfront', 'Free WiFi', 'Non-smoking rooms', 'Family rooms', 'Bar']",,,['Pets\n\n\nFree!\nPets are allowed on request. No extra charges.'],4
Hotel Aegeon,"Peripheral Road of Parikia, Parikia, 84400, Greece",8.4Very Good 516 reviews,"['Outdoor swimming pool', 'Free WiFi', 'Family rooms', 'Non-smoking rooms', 'Facilities for disabled guests', 'Good Breakfast']",,,['Pets\n\n\nPets are not allowed.'],
Irini Rooms,"Naousa, Naousa, 84401, Greece",9.4Wonderful 322 reviews,"['Free WiFi', 'Airport shuttle', 'Non-smoking rooms', 'Tea/Coffee Maker in All Rooms']",,,"['Parties\n\n\nParties/events are not allowed', 'Quiet hours\n\n\nGuests need be quiet between 10:00 PM and 8:00 AM.', 'Pets\n\n\nFree!\nPets are allowed on request. No extra charges.']",3
"Mythic Paros , Adults Only","Sarakiniko-Agia Irini Mythic Esclusive Resort, Agia Irini Paros, 84400, Greece",9.0Wonderful 488 reviews,"['Outdoor swimming pool', 'Non-smoking rooms', 'Airport shuttle', 'Spa', 'Restaurant', 'Fitness center', 'Room service', 'Tea/Coffee Maker in All Rooms', 'Bar', 'Very Good Breakfast']",,,['Pets\n\n\nPets are not allowed.'],
Blue Waves Suites & Apartments - To Kyma,"Main Street, Drios, 84400, Greece",9.7Exceptional 278 reviews,"['Non-smoking rooms', 'Airport shuttle', 'Room service', 'Free WiFi', 'Beachfront', 'Restaurant', 'Free parking', 'Family rooms']",,,"['Smoking\n\nSmoking is not allowed.', 'Parties\n\n\nParties/events are not allowed', 'Pets\n\n\nPets are not allowed.']",
Stella Hotel,"Livadia Beach, Parikia, 84400, Greece",8.7Excellent 680 reviews,"['Free WiFi', 'Free parking', 'Beachfront', 'Non-smoking rooms']",,,['Pets\n\n\nPets are not allowed.'],
Siroco's Rooms And Studios,"Kormos, Parikia, 84400, Greece",8.2Very Good 893 reviews,"['Outdoor swimming pool', 'Free WiFi', 'Free parking', 'Family rooms', 'Airport shuttle', 'Non-smoking rooms', 'Bar']",,,"['Quiet hours\n\n\nGuests need be quiet between 12:00 AM and 6:00 AM.', 'Pets\n\n\nPets are not allowed.']",3
PAREA Paros - Adults Only,"Eparchiaki Odos Parikias-Pountas, Kampos Paros, 84400, Greece",9.2Wonderful 172 reviews,"['Outdoor swimming pool', 'Free WiFi', 'Free parking', 'Airport shuttle (free)', 'Non-smoking rooms', 'Tea/Coffee Maker in All Rooms', 'Bar']",,,['Pets\n\n\nPets are not allowed.'],
Bungalows Marina,"Náousa, Naousa, 84400, Greece",9.5Exceptional 310 reviews,"['Free WiFi', 'Family rooms', 'Free parking', 'Non-smoking rooms']",,,"['Smoking\n\nSmoking is not allowed.', 'Parties\n\n\nParties/events are not allowed', 'Quiet hours\n\n\nGuests need be quiet between 7:00 PM and 6:00 PM.', 'Pets\n\n\nFree!\nPets are allowed on request. No extra charges.']",3
Nicos Studios & Apartments,"Logaras, Logaras, 84400, Greece",9.0Wonderful 164 reviews,"['Free WiFi', 'Beachfront', 'Free parking', 'Room service']",,,"['Parties\n\n\nParties/events are not allowed', 'Quiet hours\n\n\nGuests need be quiet between 10:00 PM and 10:00 AM.', 'Pets\n\n\nPets are not allowed.']",3
Drios Luxury Studios,"Drios, Drios, 84400, Greece",9.0Wonderful 77 reviews,"['Outdoor swimming pool', 'Airport shuttle', 'Non-smoking rooms', 'Free WiFi', 'Free parking', 'Family rooms']",,,"['Quiet hours\n\n\nGuests need be quiet between 10:00 PM and 7:00 AM.', 'Pets\n\n\nPets are not allowed.']",4
Villa Isabella,"Náousa, Naousa, 84401, Greece",9.6Exceptional 318 reviews,"['Free WiFi', 'Family rooms', 'Airport shuttle', 'Beachfront', 'Exceptional Breakfast']",,,"['Smoking\n\nSmoking is not allowed.', 'Pets\n\n\nPets are not allowed.']",4
Aegean Village,"Parikia, Parikia, 84400, Greece",8.4Very Good 530 reviews,"['Free WiFi', 'Free parking', 'Family rooms', 'Room service', 'Bar']",,,"['Smoking\n\nSmoking is not allowed.', 'Parties\n\n\nParties/events are not allowed', 'Quiet hours\n\n\nGuests need be quiet between 10:00 PM and 8:00 AM.', 'Pets\n\n\nPets are not allowed.']",
Ammos Luxury Studios,"Κέντρο, Aliki, 84400, Greece",9.2Wonderful 159 reviews,"['Family rooms', 'Non-smoking rooms', 'Free WiFi']",,,"['Smoking\n\nSmoking is not allowed.', 'Parties\n\n\nParties/events are not allowed', 'Quiet hours\n\n\nGuests need be quiet between 2:00 PM and 6:00 PM.', 'Pets\n\n\nPets are not allowed.']",3
Aphrodite Boutique Hotel,"Aliki, Aliki, 84400, Greece",9.5Exceptional 153 reviews,"['Outdoor swimming pool', 'Family rooms', 'Free parking', 'Spa', 'Airport shuttle', 'Fitness center', 'Facilities for disabled guests', 'Tea/Coffee Maker in All Rooms', 'Bar', 'Exceptional Breakfast']",,,['Pets\n\n\nPets are not allowed.'],3
Ostria Studios & Apartments,"Aliki, Aliki, 84400, Greece",8.8Excellent 174 reviews,"['Family rooms', 'Non-smoking rooms', 'Free WiFi', 'Facilities for disabled guests', 'Beachfront', 'Bar']",,,"['Smoking\n\nSmoking is not allowed.', 'Pets\n\n\nPets are allowed on request. Charges may apply.']",
Magoo Suites,"Λογαρας, Παρος, Logaras, 84400, Greece",8.6Excellent 88 reviews,"['Free WiFi', 'Non-smoking rooms', 'Beachfront', 'Free parking', 'Family rooms', 'Tea/Coffee Maker in All Rooms']",,,['Pets\n\n\nPets are not allowed.'],
Cleopatra Seaside Homes,"Logaras, Piso Livadi, 84400, Greece",8.8Excellent 163 reviews,"['Airport shuttle', 'Free WiFi', 'Free parking', 'Beachfront', 'Family rooms', 'Non-smoking rooms', 'Wonderful Breakfast']",,,"['Smoking\n\nSmoking is not allowed.', 'Parties\n\n\nParties/events are not allowed', 'Quiet hours\n\n\nGuests need be quiet between 11:00 PM and 8:00 AM.', 'Pets\n\n\nPets are allowed. Charges may apply.']",4
Paliomylos Spa Hotel,"Naousa, Naousa, 84401, Greece",9.4Wonderful 292 reviews,"['Outdoor swimming pool', 'Free WiFi', 'Airport shuttle', 'Free parking', 'Beachfront', 'Spa', 'Non-smoking rooms', 'Room service', 'Bar', 'Exceptional Breakfast']",,,"['Smoking\n\nSmoking is not allowed.', 'Pets\n\n\nPets are not allowed.']",4
Summer Senses Luxury Resort,"Punda Beach Marpissa, Logaras, 84400, Greece",9.2Wonderful 329 reviews,"['3 swimming pools', 'Non-smoking rooms', 'Free parking', 'Airport shuttle', 'Fitness center', 'Spa', 'Room service', 'Tea/Coffee Maker in All Rooms', 'Bar', 'Exceptional Breakfast']","<span class=""bui-u-sr-only"">
Price
$3,888
</span>",269 feet²,['Pets\n\n\nPets are not allowed.'],
Ragoussis House,"Logaras Beach, Logaras, 84400, Greece",9.0Wonderful 113 reviews,"['Non-smoking rooms', 'Free parking', 'Beachfront', 'Free WiFi', 'Family rooms']","<span class=""bui-u-sr-only"">
Price
$965
</span>",194 feet²,"['Parties\n\n\nParties/events are not allowed', 'Quiet hours\n\n\nGuests need be quiet between 3:00 PM and 6:00 PM.', 'Pets\n\n\nFree!\nPets are allowed on request. No extra charges.']",
Saint George Hotel,"Nea Chrissi Akti Beach, Chrissi Akti, 84400, Greece",8.9Excellent 212 reviews,"['Outdoor swimming pool', 'Beachfront', 'Non-smoking rooms', 'Facilities for disabled guests', 'Restaurant', 'Free parking', 'Room service', 'Free WiFi', 'Bar', 'Excellent Breakfast']","<span class=""bui-u-sr-only"">
Price
£2,076
</span>",269 feet²,['Pets\n\n\nPets are not allowed.'],4
Kanale's Rooms & Suites,"Piperi, Naousa, 84401, Greece",8.9Excellent 290 reviews,"['Outdoor swimming pool', 'Non-smoking rooms', 'Free parking', 'Airport shuttle', 'Room service', 'Facilities for disabled guests', 'Restaurant', 'Tea/Coffee Maker in All Rooms', 'Bar', 'Exceptional Breakfast']","<span class=""bui-u-sr-only"">
Price
$4,183
</span>",258 feet²,['Pets\n\n\nPets are allowed on request. Charges may apply.'],
Holidays in Paros,"Aliki, Aliki, 84400, Greece",8.7Excellent 116 reviews,"['Free WiFi', 'Non-smoking rooms', 'Room service', 'Free parking', 'Family rooms']","<span class=""bui-u-sr-only"">
Original price
€ 918
Current price
€ 845
</span>",35 m²,"['Smoking\n\nSmoking is not allowed.', 'Quiet hours\n\n\nGuests need be quiet between 3:00 PM and 5:00 PM.', 'Pets\n\n\nPets are not allowed.']",3
Doukissa,"Parikia, Parikia, 84400, Greece",9.0Wonderful 203 reviews,"['Non-smoking rooms', 'Free parking', 'Free WiFi', 'Very Good Breakfast']","<span class=""bui-u-sr-only"">
Price
$2,010
</span>",269 feet²,['Pets\n\n\nPets are not allowed.'],
Calme Boutique Hotel - Adults Only,"Drios, Drios, 84400, Greece",9.3Wonderful 57 reviews,"['Outdoor swimming pool', 'Non-smoking rooms', 'Free parking', 'Fitness center', 'Room service', 'Restaurant', 'Free WiFi', 'Family rooms']","<span class=""bui-u-sr-only"">
Price
$5,427
</span>",355 feet²,['Pets\n\n\nPets are not allowed.'],
Minois - Small Luxury Hotels of the World,"Parikia, Parasporos, 84400, Greece",8.7Excellent 124 reviews,"['Outdoor swimming pool', 'Non-smoking rooms', 'Spa', 'Room service', 'Free parking', 'Restaurant', 'Free WiFi', 'Tea/Coffee Maker in All Rooms', 'Bar', 'Breakfast']","<span class=""bui-u-sr-only"">
Price
CAD 5,788
</span>",28 m²,['Pets\n\n\nPets are not allowed.'],5
Acron Villas,"Kolybithres, Kolympithres, 84401, Greece",9.1Wonderful 55 reviews,"['Non-smoking rooms', 'Airport shuttle', 'Room service', 'Free WiFi', 'Family rooms', 'Tea/Coffee Maker in All Rooms']","<span class=""bui-u-sr-only"">
Price
€ 6,483
</span>",125 m²,['Pets\n\n\nFree!\nPets are allowed on request. No extra charges.'],
"Bohemian Luxury Boutique Hotel, Adults Only","Dimotiki Naoussa Alonia Naoussa, Naousa, 84401, Greece",8.6Excellent 336 reviews,"['Outdoor swimming pool', 'Non-smoking rooms', 'Airport shuttle', 'Room service', 'Free WiFi', 'Restaurant', 'Tea/Coffee Maker in All Rooms', 'Bar', 'Exceptional Breakfast']","<span class=""bui-u-sr-only"">
Original price
RUB 412,012
Current price
RUB 329,610
</span>",20 m²,['Pets\n\n\nPets are not allowed.'],4
Nissiotiko Hotel,"Drios, Drios, 84400, Greece",9.2Wonderful 163 reviews,"['Non-smoking rooms', 'Free parking', 'Beachfront', 'Free WiFi']","<span class=""bui-u-sr-only"">
Price
$1,255
</span>",161 feet²,['Pets\n\n\nPets are not allowed.'],
"Lilly Residence-All Sea View Suites, Adults Only","Aghii Anargyri beach, Naousa, 84401, Greece",9.3Wonderful 84 reviews,"['6 swimming pools', 'Non-smoking rooms', 'Free parking', 'Airport shuttle', 'Room service', 'Restaurant', 'Beachfront', 'Bar', 'Private beach area', 'Exceptional Breakfast']","<span class=""bui-u-sr-only"">
Original price
$4,505
Current price
$3,604
</span>",226 feet²,['Pets\n\n\nPets are not allowed.'],
Acoya Suites Paros,"Aliki, Aliki, 84400, Greece",8.4Very Good 192 reviews,"['Non-smoking rooms', 'Free parking', 'Airport shuttle', 'Room service', 'Beachfront', 'Free WiFi', 'Family rooms']","<span class=""bui-u-sr-only"">
Price
$1,520
</span>",215 feet²,"['Smoking\n\nSmoking is not allowed.', 'Parties\n\n\nParties/events are not allowed', 'Pets\n\n\nPets are not allowed.']",
Stelia Mare Boutique Hotel,"Agioi Anargyroi, Naousa, 84401, Greece",9.3Wonderful 232 reviews,"['Outdoor swimming pool', 'Non-smoking rooms', 'Free parking', 'Airport shuttle', 'Fitness center', 'Room service', 'Restaurant', 'Tea/Coffee Maker in All Rooms', 'Bar', 'Exceptional Breakfast']","<span class=""bui-u-sr-only"">
Price
$5,958
</span>",484 feet²,['Pets\n\n\nPets are not allowed.'],
Acropolis,"Parikia, Parikia, 84400, Greece",8.3Very Good 131 reviews,"['Non-smoking rooms', 'Free WiFi', 'Free parking', 'Family rooms']","<span class=""bui-u-sr-only"">
Price
€ 1,163
</span>",19 m²,['Pets\n\n\nPets are not allowed.'],1
Fragoulis Village,"Parikia Airport Road, Parasporos, 84400, Greece",8.6Excellent 107 reviews,"['2 swimming pools', 'Airport shuttle', 'Non-smoking rooms', 'Free WiFi', 'Family rooms', 'Bar', 'Breakfast']","<span class=""bui-u-sr-only"">
Price
8,022 zł
</span>",40 m²,"['Smoking\n\nSmoking is not allowed.', 'Pets\n\n\nPets are not allowed.']",3
Sea & Sun Paros,"NAOUSA , Naousa, 84401, Greece",9.2Wonderful 204 reviews,"['Free WiFi', 'Non-smoking rooms', 'Free parking', 'Family rooms']","<span class=""bui-u-sr-only"">
Price
€ 1,503
</span>",21 m²,['Pets\n\n\nPets are not allowed.'],
Kleanthi Apartments,"Drios, Drios, 84400, Greece",9.1Wonderful 70 reviews,"['Free parking', 'Non-smoking rooms', 'Free WiFi', 'Family rooms']","<span class=""bui-u-sr-only"">
Original price
₹ 104,617
Current price
₹ 96,247
</span>",35 m²,"['Parties\n\n\nParties/events are not allowed', 'Pets\n\n\nFree!\nPets are allowed on request. No extra charges.']",3
"Heliessa, Adults Only (13+)","Main Road Naoussa, Naousa, 84401, Greece",8.5Very Good 117 reviews,"['Outdoor swimming pool', 'Non-smoking rooms', 'Airport shuttle', 'Free WiFi', 'Room service', 'Free parking', 'Family rooms', 'Bar', 'Good Breakfast']","<span class=""bui-u-sr-only"">
Original price
9,817 zł
Current price
9,033 zł
</span>",20 m²,['Pets\n\n\nPets are not allowed.'],
Porto Bello di Paros,"paroikia, Parikia, 84400, Greece",8.8Excellent 36 reviews,"['Non-smoking rooms', 'Free WiFi', 'Bar', 'Breakfast']","<span class=""bui-u-sr-only"">
Price
RUB 110,765
</span>",20 m²,['Pets\n\n\nPets are not allowed.'],3
Evita Apartments,"Aliki, Aliki, 84400, Greece",9.4Wonderful 85 reviews,"['Non-smoking rooms', 'Free parking', 'Beachfront', 'Free WiFi', 'Family rooms']","<span class=""bui-u-sr-only"">
Price
$2,574
</span>",753 feet²,['Pets\n\n\nPets are not allowed.'],
Callisto Houses,"Eparchiaki Odos Parikias-Piso Livadiou, Márpissa, 84400, Greece",9.6Exceptional 8 reviews,"['Outdoor swimming pool', 'Free WiFi', 'Free parking', 'Non-smoking rooms', 'Fitness center', 'Family rooms']","<span class=""bui-u-sr-only"">
Original price
€ 1,600
Current price
€ 1,472
</span>",80 m²,"['Quiet hours\n\n\nGuests need be quiet between 3:00 PM and 5:00 PM.', 'Pets\n\n\nPets are allowed on request. Charges may apply.']",4
Paros Palace,"Leoforos Lefkon, Parikia, 84400, Greece",9.1Wonderful 255 reviews,"['Outdoor swimming pool', 'Non-smoking rooms', 'Free parking', 'Airport shuttle', 'Room service', 'Restaurant', 'Free WiFi', 'Family rooms', 'Bar']","<span class=""bui-u-sr-only"">
Original price
¥629,128
Current price
¥597,671
</span>",40 m²,['Pets\n\n\nFree!\nPets are allowed on request. No extra charges.'],4
Remvi Studios,"Pounta 1, Pounda, 84400, Greece",8.3Very Good 99 reviews,"['Non-smoking rooms', 'Free parking', 'Beachfront', 'Free WiFi', 'Family rooms']","<span class=""bui-u-sr-only"">
Price
¥135,892
</span>",28 m²,"['Smoking\n\nSmoking is not allowed.', 'Pets\n\n\nPets are not allowed.']",3
"Parilio, a Member of Design Hotels","Kolympithres Naoussa paros, Naousa, 84401, Greece",9.0Wonderful 135 reviews,"['Outdoor swimming pool', 'Non-smoking rooms', 'Free parking', 'Airport shuttle', 'Fitness center', 'Spa', 'Room service', 'Restaurant', 'Free WiFi', 'Bar']","<span class=""bui-u-sr-only"">
Price
$8,253
</span>",431 feet²,['Pets\n\n\nPets are not allowed.'],
Nikolas Hotel,"Parikia, Parikia, 84400, Greece",8.0Very Good 219 reviews,"['Non-smoking rooms', 'Free parking', 'Room service', 'Beachfront', 'Free WiFi', 'Family rooms', 'Bar']","<span class=""bui-u-sr-only"">
Price
$927
</span>",194 feet²,['Pets\n\n\nPets are not allowed.'],
Paros Agnanti Hotel,"Krios Beach, Parikia, 84400, Greece",9.2Wonderful 314 reviews,"['Outdoor swimming pool', 'Free WiFi', 'Non-smoking rooms', 'Fitness center', 'Room service', 'Restaurant', 'Free parking', 'Tea/Coffee Maker in All Rooms', 'Bar', 'Wonderful Breakfast']","<span class=""bui-u-sr-only"">
Original price
€ 7,452
Current price
€ 5,966
</span>",28 m²,['Pets\n\n\nPets are not allowed.'],5
Hotel Oasis,"Parikia, Paros, Parikia, 84400, Greece",8.5Very Good 481 reviews,"['Non-smoking rooms', 'Free parking', 'Room service', 'Restaurant', 'Free WiFi', 'Bar', 'Breakfast']","<span class=""bui-u-sr-only"">
Price
$1,422
</span>",161 feet²,['Pets\n\n\nPets are not allowed.'],
San Antonio Summer House,"Eparchiaki Odos Parikias-Piso Livadiou, Piso Livadi, 84400, Greece",7.9Good 260 reviews,"['Outdoor swimming pool', 'Non-smoking rooms', 'Free parking', 'Airport shuttle', 'Free WiFi', 'Family rooms']","<span class=""bui-u-sr-only"">
Original price
ZAR 20,838
Current price
ZAR 19,171
</span>",16 m²,['Pets\n\n\nPets are not allowed.'],3
Celia Villa with Sea & Sunset View,"Kampos, Kampos Paros, 84400, Greece",,"['Free parking', 'Non-smoking rooms', 'Free WiFi', 'Airport shuttle', 'Private beach area']","<span class=""bui-u-sr-only"">
Price
$4,588
</span>",2530 feet²,"['Smoking\n\nSmoking is not allowed.', 'Parties\n\n\nParties/events are not allowed', 'Pets\n\n\nPets are not allowed.']",
Ambelas Mare Apartments,"Ambelas, Ambelas, 84400, Greece",9.6Exceptional 69 reviews,"['Outdoor swimming pool', 'Non-smoking rooms', 'Airport shuttle', 'Room service', 'Free parking', 'Beachfront', 'Bar', 'Private beach area', 'Breakfast']","<span class=""bui-u-sr-only"">
Price
$2,992
</span>",323 feet²,"['Smoking\n\nSmoking is not allowed.', 'Parties\n\n\nParties/events are not allowed', 'Quiet hours\n\n\nGuests need be quiet between 10:00 PM and 8:00 AM.', 'Pets\n\n\nFree!\nPets are allowed on request. No extra charges.']",
Villa Kelly Rooms & Suites,"Main Street, Naousa, 84401, Greece",9.0Wonderful 278 reviews,"['Outdoor swimming pool', 'Airport shuttle', 'Free parking', 'Free WiFi', 'Family rooms']","<span class=""bui-u-sr-only"">
Price
£2,168
</span>",355 feet²,"['Parties\n\n\nParties/events are not allowed', 'Quiet hours\n\n\nGuests need be quiet between 11:00 PM and 8:00 AM.', 'Pets\n\n\nPets are not allowed.']",4
Silver Rocks Hotel,"Main Street, Chrissi Akti, 84400, Greece",7.5Good 28 reviews,"['Outdoor swimming pool', 'Free parking', 'Non-smoking rooms', 'Room service', 'Facilities for disabled guests', 'Free WiFi', 'Airport shuttle', 'Family rooms', 'Bar', 'Breakfast']","<span class=""bui-u-sr-only"">
Original price
₹ 57,685
Current price
₹ 53,070
</span>",17 m²,['Pets\n\n\nPets are not allowed.'],2
White Dunes Luxury Suites,"White Dunes, Santa Maria, 84401, Greece",9.5Exceptional 54 reviews,"['Free WiFi', 'Beachfront', 'Non-smoking rooms', 'Airport shuttle', 'Room service', 'Family rooms', 'Bar', 'Excellent Breakfast']","<span class=""bui-u-sr-only"">
Price
€ 4,722
</span>",28 m²,['Pets\n\n\nPets are not allowed.'],4
Nissiotiko Hotel,"Drios, Drios, 84400, Greece",9.2Wonderful 163 reviews,"['Non-smoking rooms', 'Free parking', 'Beachfront', 'Free WiFi']","<span class=""bui-u-sr-only"">
Original price
₪ 4,704
Current price
₪ 4,328
</span>",15 m²,['Pets\n\n\nPets are not allowed.'],3
Golden Bay luxury villas and suites,"Χρυσή Ακτή Πάρος, Chrissi Akti, 84400, Greece",9.5Exceptional 17 reviews,"['Non-smoking rooms', 'Free parking', 'Free WiFi']","<span class=""bui-u-sr-only"">
Original price
$7,079
Current price
$5,380
</span>",1141 feet²,"['Smoking\n\nSmoking is not allowed.', 'Parties\n\n\nParties/events are not allowed', 'Pets\n\n\nPets are not allowed.']",
Villa Spitiko - Endless view,"Kostos paros, Kóstos, 84400, Greece",8.0Very Good 1 review,"['Free WiFi', 'Free parking', 'Non-smoking rooms', 'Airport shuttle (free)']","<span class=""bui-u-sr-only"">
Original price
€ 1,821
Current price
€ 1,683
</span>",100 m²,"['Smoking\n\nSmoking is not allowed.', 'Parties\n\n\nParties/events are not allowed', 'Pets\n\n\nPets are not allowed.']",4
Irene Studios - Beachfront,"Parikia, Parikia, 84400, Greece",8.8Excellent 102 reviews,"['Non-smoking rooms', 'Free parking', 'Beachfront', 'Free WiFi', 'Bar']","<span class=""bui-u-sr-only"">
Price
$2,073
</span>",237 feet²,['Pets\n\n\nFree!\nPets are allowed on request. No extra charges.'],
Sunset Villa I,"Paros Agia Irini, Agia Irini Paros, 84400, Greece",9.8Exceptional 5 reviews,"['Outdoor swimming pool', 'Non-smoking rooms', 'Airport shuttle', 'Free parking', 'Free WiFi', 'Family rooms']","<span class=""bui-u-sr-only"">
Price
CAD 5,451
</span>",110 m²,"['Smoking\n\nSmoking is not allowed.', 'Parties\n\n\nParties/events are not allowed', 'Quiet hours\n\n\nGuests need be quiet between 11:00 PM and 7:00 AM.', 'Pets\n\n\nFree!\nPets are allowed on request. No extra charges.']",4
Pandrossos Hotel - Paros,"Parikia, Parikia, 84400, Greece",7.7Good 382 reviews,"['Outdoor swimming pool', 'Non-smoking rooms', 'Room service', 'Free WiFi', 'Beachfront', 'Bar']","<span class=""bui-u-sr-only"">
Price
CAD 1,555
</span>",21 m²,['Pets\n\n\nFree!\nPets are allowed on request. No extra charges.'],3
Captain's Rocks Hotel,"Chrisi Akti, Chrissi Akti, 84400, Greece",7.4Good 38 reviews,"['Outdoor swimming pool', 'Non-smoking rooms', 'Free parking', 'Room service', 'Family rooms', 'Bar', 'Breakfast']","<span class=""bui-u-sr-only"">
Original price
€ 808
Current price
€ 784
</span>",17 m²,['Pets\n\n\nPets are not allowed.'],3
Meletis Studios,"Livadia , Parikia, 84400, Greece",8.8Excellent 155 reviews,"['Non-smoking rooms', 'Free parking', 'Room service', 'Beachfront', 'Free WiFi', 'Family rooms']","<span class=""bui-u-sr-only"">
Price
$1,152
</span>",377 feet²,"['Parties\n\n\nParties/events are not allowed', 'Quiet hours\n\n\nGuests need be quiet between 3:00 PM and 5:00 PM.', 'Pets\n\n\nPets are not allowed.']",
Zoumis Residence,"Agioi Anargiroi, Naousa, 84400, Greece",9.1Wonderful 334 reviews,"['Outdoor swimming pool', 'Free parking', 'Non-smoking rooms', 'Room service', 'Airport shuttle', 'Free WiFi', 'Family rooms', 'Bar', 'Good Breakfast']","<span class=""bui-u-sr-only"">
Original price
₹ 349,606
Current price
₹ 321,637
</span>",35 m²,['Pets\n\n\nPets are not allowed.'],4
Porto Naoussa,"Naousa, Paros, Naousa, 84401, Greece",8.8Excellent 211 reviews,"['Free WiFi', 'Airport shuttle', 'Non-smoking rooms', 'Breakfast']","<span class=""bui-u-sr-only"">
Original price
€ 2,479
Current price
€ 2,190
</span>",15 m²,['Pets\n\n\nFree!\nPets are allowed on request. No extra charges.'],
Pili Pala Suites,"Άγιος Αρσένιος, Episkopianá, 84400, Greece",9.5Exceptional 38 reviews,"['Outdoor swimming pool', 'Non-smoking rooms', 'Free parking', 'Airport shuttle', 'Room service', 'Free WiFi', 'Family rooms']","<span class=""bui-u-sr-only"">
Price
$5,502
</span>",807 feet²,"['Smoking\n\nSmoking is not allowed.', 'Parties\n\n\nParties/events are not allowed', 'Pets\n\n\nPets are not allowed.']",
Kosmitis Suites,"Αγ. Ανάργυροι, Naousa, 84401, Greece",9.0Wonderful 33 reviews,"['Outdoor swimming pool', 'Non-smoking rooms', 'Airport shuttle', 'Free WiFi', 'Room service', 'Free parking', 'Restaurant', 'Bar', 'Private beach area', 'Breakfast']","<span class=""bui-u-sr-only"">
Original price
17,284 zł
Current price
15,902 zł
</span>",25 m²,"['Smoking\n\nSmoking is not allowed.', 'Parties\n\n\nParties/events are not allowed', 'Quiet hours\n\n\nGuests need be quiet between 11:00 PM and 8:00 AM.', 'Pets\n\n\nPets are not allowed.']",4
Anthemion Paros - Villas & Suites,"Επαρ.Οδ. Παροικιάς-Πούντας, Agia Irini Paros, 84400, Greece",10Exceptional 1 review,"['Outdoor swimming pool', 'Non-smoking rooms', 'Free parking', 'Free WiFi', 'Family rooms']","<span class=""bui-u-sr-only"">
Original price
11,762 zł
Current price
10,000 zł
</span>",30 m²,"['Smoking\n\nSmoking is not allowed.', 'Pets\n\n\nFree!\nPets are allowed. No extra charges.']",4
Peters Place - Paros Resort,"Κoukoumavles  Paroikia, Parasporos, 84400, Greece",9.5Exceptional 33 reviews,"['Outdoor swimming pool', 'Non-smoking rooms', 'Room service', 'Facilities for disabled guests', 'Free parking', 'Free WiFi', 'Family rooms']","<span class=""bui-u-sr-only"">
Price
$3,132
</span>",721 feet²,['Pets\n\n\nPets are not allowed.'],
Villa Anna Maria,"Aliki, Aliki, 84400, Greece",9.1Wonderful 53 reviews,"['Free WiFi', 'Non-smoking rooms', 'Family rooms']","<span class=""bui-u-sr-only"">
Original price
€ 972
Current price
€ 894
</span>",23 m²,"['Parties\n\n\nParties/events are not allowed', 'Pets\n\n\nPets are not allowed.']",3
Paradiso Boutique,"Martselo, Parikia, 84400, Greece",9.3Wonderful 106 reviews,"['Non-smoking rooms', 'Free parking', 'Beachfront', 'Free WiFi', 'Family rooms']","<span class=""bui-u-sr-only"">
Price
¥186,042
</span>",30 m²,['Pets\n\n\nFree!\nPets are allowed on request. No extra charges.'],
Naoussa Hills Boutique Resort- Adults Only (13+),"Seladia Naoussa, Naousa, 84401, Greece",8.4Very Good 83 reviews,"['Outdoor swimming pool', 'Non-smoking rooms', 'Fitness center', 'Airport shuttle', 'Free parking', 'Facilities for disabled guests', 'Room service', 'Restaurant', 'Bar', 'Wonderful Breakfast']","<span class=""bui-u-sr-only"">
Price
₪ 13,509
</span>",70 m²,"['Smoking\n\nSmoking is not allowed.', 'Pets\n\n\nFree!\nPets are allowed on request. No extra charges.']",4
Almira Suites - Seafront - Naousa Paros,"Fykia, Naousa, Naousa, 84401, Greece",9.4Wonderful 137 reviews,"['Non-smoking rooms', 'Room service', 'Free parking', 'Beachfront', 'Free WiFi', 'Family rooms', 'Tea/Coffee Maker in All Rooms', 'Exceptional Breakfast']","<span class=""bui-u-sr-only"">
Price
£1,328
</span>",226 feet²,['Pets\n\n\nFree!\nPets are allowed on request. No extra charges.'],
Sunset Villa II,"Αγια Ειρήνη Πάρου, Nea Cryssi Akti, 84400, Greece",9.1Wonderful 7 reviews,"['Outdoor swimming pool', 'Free WiFi', 'Airport shuttle', 'Free parking', 'Family rooms']","<span class=""bui-u-sr-only"">
Original price
€ 3,840
Current price
€ 3,648
</span>",110 m²,"['Smoking\n\nSmoking is not allowed.', 'Parties\n\n\nParties/events are not allowed', 'Quiet hours\n\n\nGuests need be quiet between 11:00 PM and 7:00 AM.', 'Pets\n\n\nFree!\nPets are allowed on request. No extra charges.']",4
Rina Houses,"Lefkes, Paros, Kampos Paros, 84400, Greece",,['Free WiFi'],"<span class=""bui-u-sr-only"">
Price
$985
</span>",431 feet²,"['Smoking\n\nSmoking is not allowed.', 'Parties\n\n\nParties/events are not allowed', 'Pets\n\n\nPets are not allowed.']",
Golden Bay luxury villas and suites,"Χρυσή Ακτή Πάρος, Chrissi Akti, 84400, Greece",9.5Exceptional 17 reviews,"['Non-smoking rooms', 'Free parking', 'Free WiFi']","<span class=""bui-u-sr-only"">
Original price
$7,079
Current price
$5,380
</span>",1141 feet²,"['Smoking\n\nSmoking is not allowed.', 'Parties\n\n\nParties/events are not allowed', 'Pets\n\n\nPets are not allowed.']",
"Perivoli Luxury Homes, Paros","Πρόδρομος, Πάρος, Prodromos Paros, 84400, Greece",9.7Exceptional 6 reviews,"['Free parking', 'Non-smoking rooms', 'Free WiFi', 'Family rooms']","<span class=""bui-u-sr-only"">
Original price
₪ 8,021
Current price
₪ 7,379
</span>",54 m²,"['Smoking\n\nSmoking is not allowed.', 'Parties\n\n\nParties/events are not allowed', 'Quiet hours\n\n\nGuests need be quiet between 3:00 PM and 5:00 PM.', 'Pets\n\n\nPets are not allowed.']",4
VILLA ROSSI Paros Luxury Apartments and Suites,"Dryos, Drios, 84401, Greece",9.5Exceptional 13 reviews,"['Free WiFi', 'Non-smoking rooms', 'Free parking', 'Family rooms']","<span class=""bui-u-sr-only"">
Original price
€ 2,480
Current price
€ 2,288
</span>",70 m²,"['Smoking\n\nSmoking is not allowed.', 'Parties\n\n\nParties/events are not allowed', 'Pets\n\n\nPets are not allowed.']",3
Apartments Marpissa,"Μαρπησσα, Márpissa, 84400, Greece",8.8Excellent 14 reviews,"['Free parking', 'Airport shuttle (free)', 'Free WiFi', 'Family rooms']","<span class=""bui-u-sr-only"">
Price
RUB 91,035
</span>",60 m²,['Pets\n\n\nPets are not allowed.'],3
Passos Rooms,"Πλατεία Αλυγαριάς Παροικιά, Parikia, 84400, Greece",8.8Excellent 162 reviews,"['Non-smoking rooms', 'Free WiFi', 'Family rooms']","<span class=""bui-u-sr-only"">
Price
$1,191
</span>",248 feet²,['Pets\n\n\nPets are not allowed.'],
White House With BBQ In Paros,"Filizi, Paros, Kampos Paros, 84400, Greece",,['Free WiFi'],"<span class=""bui-u-sr-only"">
Price
$2,108
</span>",659 feet²,"['Smoking\n\nSmoking is not allowed.', 'Parties\n\n\nParties/events are not allowed', 'Pets\n\n\nPets are not allowed.']",
Ragoussis House,"Logaras Beach, Logaras, 84400, Greece",9.0Wonderful 113 reviews,"['Non-smoking rooms', 'Free parking', 'Beachfront', 'Free WiFi', 'Family rooms']","<span class=""bui-u-sr-only"">
Price
RUB 78,478
</span>",18 m²,"['Parties\n\n\nParties/events are not allowed', 'Quiet hours\n\n\nGuests need be quiet between 3:00 PM and 6:00 PM.', 'Pets\n\n\nFree!\nPets are allowed on request. No extra charges.']",3
Olive Garden Luxury Resort - Jacuzzi & Seaview Suite II - Aliki Angairiá Paros,"Aliki, Angairiá, 84400, Greece",9.6Exceptional 9 reviews,"['Outdoor swimming pool', 'Non-smoking rooms', 'Airport shuttle', 'Free WiFi', 'Free parking']","<span class=""bui-u-sr-only"">
Original price
€ 1,920
Current price
€ 1,766
</span>",45 m²,"['Smoking\n\nSmoking is not allowed.', 'Parties\n\n\nParties/events are not allowed', 'Quiet hours\n\n\nGuests need be quiet between 3:00 PM and 6:00 PM.', 'Pets\n\n\nPets are not allowed.']",4
Narges Hotel,"Aliki, Aliki, 84400, Greece",8.3Very Good 155 reviews,"['Outdoor swimming pool', 'Non-smoking rooms', 'Airport shuttle', 'Room service', 'Restaurant', 'Beachfront', 'Free WiFi', 'Family rooms', 'Bar']","<span class=""bui-u-sr-only"">
Price
$1,306
</span>",215 feet²,['Pets\n\n\nPets are allowed on request. Charges may apply.'],
Ciel Villas Paros,"Glisidia, Pounda, 84400, Greece",9.8Exceptional 32 reviews,"['Outdoor swimming pool', 'Non-smoking rooms', 'Free WiFi', 'Free parking', 'Family rooms']","<span class=""bui-u-sr-only"">
Original price
€ 5,946
Current price
€ 5,471
</span>",150 m²,"['Smoking\n\nSmoking is not allowed.', 'Parties\n\n\nParties/events are not allowed', 'Pets\n\n\nFree!\nPets are allowed on request. No extra charges.']",4
Lithos,"Kostos Paros, Kóstos, 84400, Greece",,"['Free parking', 'Non-smoking rooms', 'Free WiFi']","<span class=""bui-u-sr-only"">
Price
$1,020
</span>",646 feet²,"['Smoking\n\nSmoking is not allowed.', 'Parties\n\n\nParties/events are not allowed', 'Pets\n\n\nPets are not allowed.']",
Paros Eden Park,"Livadia, Parikia, 84400, Greece",8.9Excellent 77 reviews,"['Outdoor swimming pool', 'Non-smoking rooms', 'Free parking', 'Airport shuttle (free)', 'Room service', 'Free WiFi', 'Family rooms', 'Bar']","<span class=""bui-u-sr-only"">
Price
$1,351
</span>",323 feet²,['Pets\n\n\nFree!\nPets are allowed on request. No extra charges.'],
High Mill Paros Hotel,"Paros, Parikia, 84000, Greece",8.0Very Good 274 reviews,"['Outdoor swimming pool', 'Non-smoking rooms', 'Airport shuttle', 'Free parking', 'Free WiFi', 'Bar', 'Very Good Breakfast']","<span class=""bui-u-sr-only"">
Price
CAD 2,907
</span>",19 m²,['Pets\n\n\nPets are not allowed.'],4
Molos villas,"Σταυρός Μώλου, Molos Parou, 84400, Greece",10Exceptional 1 review,"['Outdoor swimming pool', 'Non-smoking rooms', 'Free parking', 'Beachfront', 'Free WiFi', 'Family rooms']","<span class=""bui-u-sr-only"">
Price
CAD 14,708
</span>",172 m²,"['Parties\n\n\nParties/events are not allowed', 'Pets\n\n\nFree!\nPets are allowed on request. No extra charges.']",4
Avant Mar Paros,"Πιπέρι Νάουσα Πάρος, Naousa, 84400, Greece",,"['Outdoor swimming pool', 'Free parking', 'Non-smoking rooms', 'Airport shuttle (free)', 'Room service', 'Facilities for disabled guests', 'Restaurant', 'Tea/Coffee Maker in All Rooms', 'Bar', 'Breakfast']","<span class=""bui-u-sr-only"">
Price
MYR 24,435
</span>",26 m²,['Pets\n\n\nPets are allowed on request. Charges may apply.'],5
Traditional Concept Apartments Placidity,"Αλυκή, Aliki, 84400, Greece",8.2Very Good 12 reviews,['Free WiFi'],"<span class=""bui-u-sr-only"">
Original price
€ 756
Current price
€ 696
</span>",,"['Smoking\n\nSmoking is not allowed.', 'Parties\n\n\nParties/events are not allowed', 'Pets\n\n\nPets are not allowed.']",
Alexander Suites,"Δρυός, Drios, 84400, Greece",9.7Exceptional 3 reviews,"['Free WiFi', 'Non-smoking rooms', 'Facilities for disabled guests', 'Free parking', 'Family rooms', 'Breakfast']","<span class=""bui-u-sr-only"">
Original price
€ 1,740
Current price
€ 1,601
</span>",42 m²,"['Smoking\n\nSmoking is not allowed.', 'Parties\n\n\nParties/events are not allowed', 'Quiet hours\n\n\nGuests need be quiet between 3:00 PM and 6:00 PM.', 'Pets\n\n\nPets are not allowed.']",4
Summer Dream Luxury Apartments,"Drios main Road Drios main Road, Drios, 84400, Greece",8.8Excellent 9 reviews,"['Non-smoking rooms', 'Airport shuttle', 'Free WiFi', 'Free parking', 'Family rooms']",,,"['Smoking\n\nSmoking is not allowed.', 'Parties\n\n\nParties/events are not allowed', 'Pets\n\n\nPets are not allowed.']",
Alkionides Bungalows,"Aligaries, Naousa, 84401, Greece",9.3Wonderful 46 reviews,"['Non-smoking rooms', 'Free parking', 'Family rooms']","<span class=""bui-u-sr-only"">
Price
€ 1,122
</span>",25 m²,"['Smoking\n\nSmoking is not allowed.', 'Pets\n\n\nPets are not allowed.']",3
Martha's filoxenia,"Δρυός Παρος 264F+G7, Δρυός 844 00 Ισόγειο, Drios, 84400, Greece",,"['Free WiFi', 'Free parking']","<span class=""bui-u-sr-only"">
Original price
€ 1,210
Current price
€ 1,113
</span>",40 m²,['Pets\n\n\nFree!\nPets are allowed. No extra charges.'],3
Paros King,"Paros cyclades, Aliki, 84400, Greece",9.0Wonderful 2 reviews,"['Free WiFi', 'Non-smoking rooms', 'Beachfront', 'Free parking', 'Family rooms']","<span class=""bui-u-sr-only"">
Original price
€ 983
Current price
€ 904
</span>",27 m²,"['Smoking\n\nSmoking is not allowed.', 'Parties\n\n\nParties/events are not allowed', 'Quiet hours\n\n\nGuests need be quiet between 10:00 PM and 8:00 AM.', 'Pets\n\n\nPets are not allowed.']",3
Chrisantakis appartments,"Paros, Drios, Greece",9.2Wonderful 15 reviews,"['Non-smoking rooms', 'Free parking', 'Beachfront', 'Free WiFi', 'Family rooms']","<span class=""bui-u-sr-only"">
Original price
$1,609
Current price
$1,504
</span>",431 feet²,"['Smoking\n\nSmoking is not allowed.', 'Parties\n\n\nParties/events are not allowed', 'Pets\n\n\nFree!\nPets are allowed. No extra charges.']",
John's Rooms & Studios,"Main Street, Parikia, 84400, Greece",7.3Good 126 reviews,"['Non-smoking rooms', 'Airport shuttle', 'Room service', 'Free parking', 'Free WiFi', 'Family rooms']","<span class=""bui-u-sr-only"">
Price
CAD 779
</span>",20 m²,"['Smoking\n\nSmoking is not allowed.', 'Parties\n\n\nParties/events are not allowed', 'Quiet hours\n\n\nGuests need be quiet between 11:00 PM and 9:00 AM.', 'Pets\n\n\nPets are not allowed.']",3
Green Retreats 2 Paros,"Paros 0, Isterni, 84400, Greece",,"['Non-smoking rooms', 'Free WiFi', 'Free parking']","<span class=""bui-u-sr-only"">
Price
£744
</span>",194 feet²,"['Smoking\n\nSmoking is not allowed.', 'Parties\n\n\nParties/events are not allowed', 'Pets\n\n\nFree!\nPets are allowed. No extra charges.']",3
HH Bay,"Logaras Beach, Logaras, 84400, Greece",8.6Excellent 7 reviews,"['Non-smoking rooms', 'Free parking', 'Airport shuttle', 'Restaurant', 'Beachfront', 'Free WiFi', 'Family rooms']","<span class=""bui-u-sr-only"">
Price
$1,755
</span>",807 feet²,"['Smoking\n\nSmoking is not allowed.', 'Parties\n\n\nParties/events are not allowed', 'Quiet hours\n\n\nGuests need be quiet between 12:00 AM and 9:00 AM.', 'Pets\n\n\nPets are not allowed.']",
Acoya Suites Paros,"Aliki, Aliki, 84400, Greece",8.4Very Good 192 reviews,"['Non-smoking rooms', 'Free parking', 'Airport shuttle', 'Room service', 'Beachfront', 'Free WiFi', 'Family rooms']","<span class=""bui-u-sr-only"">
Price
$1,520
</span>",215 feet²,"['Smoking\n\nSmoking is not allowed.', 'Parties\n\n\nParties/events are not allowed', 'Pets\n\n\nPets are not allowed.']",
Modern House near Parikia with 3 bedrooms & 2 bath,"Επαρχιακή Οδός Παροικιάς-Νάουσας, Ekatondapilianí, 84400, Greece",9.2Wonderful 5 reviews,"['Non-smoking rooms', 'Free parking', 'Free WiFi', 'Family rooms']","<span class=""bui-u-sr-only"">
Price
CAD 2,076
</span>",85 m²,"['Smoking\n\nSmoking is not allowed.', 'Parties\n\n\nParties/events are not allowed', 'Pets\n\n\nPets are not allowed.']",4
"Parilio, a Member of Design Hotels","Kolympithres Naoussa paros, Naousa, 84401, Greece",9.0Wonderful 135 reviews,"['Outdoor swimming pool', 'Non-smoking rooms', 'Airport shuttle', 'Spa', 'Free WiFi', 'Fitness center', 'Room service', 'Free parking', 'Restaurant', 'Bar']","<span class=""bui-u-sr-only"">
Price
€ 7,719
</span>",40 m²,['Pets\n\n\nPets are not allowed.'],5
White Blue Houses & Apartments Paros,"Krotiri, Paroikia, Parikia, 84400, Greece",9.1Wonderful 28 reviews,"['Outdoor swimming pool', 'Non-smoking rooms', 'Free parking', 'Free WiFi', 'Family rooms']","<span class=""bui-u-sr-only"">
Original price
CAD 3,691
Current price
CAD 3,581
</span>",99 m²,"['Smoking\n\nSmoking is not allowed.', 'Parties\n\n\nParties/events are not allowed', 'Quiet hours\n\n\nGuests need be quiet between 11:00 PM and 8:00 AM.', 'Pets\n\n\nPets are not allowed.']",4
Deluxe Maisonette With Private Jacuzzi,"Paros, Molos, Molos Parou, 84400, Greece",,"['Non-smoking rooms', 'Free WiFi', 'Free parking']","<span class=""bui-u-sr-only"">
Original price
£2,216
Current price
£2,050
</span>",1152 feet²,"['Parties\n\n\nParties/events are not allowed', 'Pets\n\n\nPets are not allowed.']",4
Katianna's House,"Aliki Paros, Aliki, 84400, Greece",6.3Pleasant 8 reviews,"['Non-smoking rooms', 'Free parking', 'Airport shuttle', 'Free WiFi', 'Beachfront', 'Family rooms']","<span class=""bui-u-sr-only"">
Price
MXN 13,501
</span>",25 m²,"['Smoking\n\nSmoking is not allowed.', 'Parties\n\n\nParties/events are not allowed', 'Pets\n\n\nPets are allowed. Charges may apply.']",3
Fragoulis Village,"Parikia Airport Road, Parasporos, 84400, Greece",8.6Excellent 107 reviews,"['2 swimming pools', 'Non-smoking rooms', 'Airport shuttle', 'Free WiFi', 'Family rooms', 'Bar', 'Breakfast']","<span class=""bui-u-sr-only"">
Price
$1,911
</span>",431 feet²,"['Smoking\n\nSmoking is not allowed.', 'Pets\n\n\nPets are not allowed.']",
Kontaratos Studios & Apartments,"Paroikia, Parikia, 84400, Greece",9.6Exceptional 205 reviews,"['Non-smoking rooms', 'Free WiFi', 'Family rooms']","<span class=""bui-u-sr-only"">
Original price
£1,240
Current price
£1,141
</span>",237 feet²,"['Smoking\n\nSmoking is not allowed.', 'Parties\n\n\nParties/events are not allowed', 'Quiet hours\n\n\nGuests need be quiet between 10:00 PM and 10:00 AM.', 'Pets\n\n\nPets are not allowed.']",4
Little Troll House 1,"Troll House 1, Chrissi Akti, 84400, Greece",8.7Excellent 3 reviews,"['Non-smoking rooms', 'Free parking', 'Free WiFi', 'Bar']","<span class=""bui-u-sr-only"">
Price
RUB 123,015
</span>",49 m²,"['Quiet hours\n\n\nGuests need be quiet between 11:00 PM and 10:00 AM.', 'Pets\n\n\nFree!\nPets are allowed on request. No extra charges.']",3
Alfa Luxury Villas,"ΤΣΙΑΡΔΑΚΙΑ ΤΣΩΝΗ-ΜΑΡΠΗΣΣΑΣ, Chrissi Akti, 84400, Greece",9.6Exceptional 8 reviews,"['Outdoor swimming pool', 'Airport shuttle', 'Free parking', 'Room service', 'Free WiFi']","<span class=""bui-u-sr-only"">
Price
$5,470
</span>",1830 feet²,"['Parties\n\n\nParties/events are not allowed', 'Pets\n\n\nPets are allowed on request. Charges may apply.']",
PAROS ALL INN APPARTMENTS,"Naoussa Paros Apartment, Naousa, 84000, Greece",,['Free WiFi'],"<span class=""bui-u-sr-only"">
Price
$2,231
</span>",753 feet²,"['Smoking\n\nSmoking is not allowed.', 'Parties\n\n\nParties/events are not allowed', 'Pets\n\n\nPets are not allowed.']",
Soleya Suites,"Rema Floga, Parikia, 84400, Greece",7.8Good 233 reviews,"['Non-smoking rooms', 'Airport shuttle', 'Free WiFi']","<span class=""bui-u-sr-only"">
Original price
$1,593
Current price
$956
</span>",215 feet²,"['Smoking\n\nSmoking is not allowed.', 'Parties\n\n\nParties/events are not allowed', 'Pets\n\n\nFree!\nPets are allowed on request. No extra charges.']",
Aura Suites Paros,"Ναουσα Παρου GREECE Naoussa, Naousa, 84401, Greece",,"['Free parking', 'Non-smoking rooms', 'Room service', 'Airport shuttle', 'Free WiFi', 'Family rooms', 'Tea/Coffee Maker in All Rooms', 'Bar', 'Breakfast']","<span class=""bui-u-sr-only"">
Price
₹ 270,150
</span>",30 m²,['Pets\n\n\nPets are not allowed.'],4
Daphne's Lux Villa,"Eparchiaki Odos Parikias-Pountas, Paraspóri, 84400, Greece",9.2Wonderful 9 reviews,"['Outdoor swimming pool', 'Free WiFi', 'Free parking', 'Family rooms']","<span class=""bui-u-sr-only"">
Original price
£3,085
Current price
£2,841
</span>",1722 feet²,"['Smoking\n\nSmoking is not allowed.', 'Parties\n\n\nParties/events are not allowed', 'Pets\n\n\nPets are not allowed.']",4
Pleiades Paros Family Apartments,"Kalami, Parikia, 84400, Greece",8.5Very Good 49 reviews,"['Outdoor swimming pool', 'Free parking', 'Non-smoking rooms', 'Free WiFi', 'Family rooms']","<span class=""bui-u-sr-only"">
Original price
₱ 61,149
Current price
₱ 56,257
</span>",30 m²,['Pets\n\n\nPets are not allowed.'],3
Paros Agnanti Hotel,"Krios Beach, Parikia, 84400, Greece",9.2Wonderful 314 reviews,"['Outdoor swimming pool', 'Non-smoking rooms', 'Free WiFi', 'Fitness center', 'Restaurant', 'Room service', 'Free parking', 'Tea/Coffee Maker in All Rooms', 'Bar', 'Wonderful Breakfast']","<span class=""bui-u-sr-only"">
Original price
€ 7,452
Current price
€ 5,966
</span>",28 m²,['Pets\n\n\nPets are not allowed.'],5
Santa Maria Traditional Stone Studio,"Terminal Bus station, Santa Marina, 84401, Greece",,"['Free WiFi', 'Free parking']","<span class=""bui-u-sr-only"">
Original price
€ 912
Current price
€ 839
</span>",35 m²,['Pets\n\n\nPets are not allowed.'],
Evilou's House,"kalami kalami paros, Krotiri, 84400, Greece",10Exceptional 2 reviews,"['Non-smoking rooms', 'Free WiFi', 'Free parking']","<span class=""bui-u-sr-only"">
Original price
€ 965
Current price
€ 888
</span>",20 m²,['Pets\n\n\nPets are not allowed.'],3
Ambelas Mare Apartments,"Ambelas, Ambelas, 84400, Greece",9.6Exceptional 69 reviews,"['Outdoor swimming pool', 'Non-smoking rooms', 'Airport shuttle', 'Room service', 'Free parking', 'Beachfront', 'Bar', 'Private beach area', 'Breakfast']","<span class=""bui-u-sr-only"">
Price
$2,992
</span>",323 feet²,"['Smoking\n\nSmoking is not allowed.', 'Parties\n\n\nParties/events are not allowed', 'Quiet hours\n\n\nGuests need be quiet between 10:00 PM and 8:00 AM.', 'Pets\n\n\nFree!\nPets are allowed on request. No extra charges.']",
Ifestos home,"Piso Livadi, Logaras beach, Logaras, 84400, Greece",8.5Very Good 11 reviews,"['Non-smoking rooms', 'Free WiFi', 'Free parking', 'Family rooms']","<span class=""bui-u-sr-only"">
Original price
€ 3,414
Current price
€ 1,853
</span>",50 m²,['Pets\n\n\nFree!\nPets are allowed on request. No extra charges.'],3
Utopia Suites by Anna Platanou,"Eparchiaki Odos Parikias-Pountas, Agia Irini Paros, 84400, Greece",10Exceptional 2 reviews,"['Non-smoking rooms', 'Free parking', 'Airport shuttle', 'Bar', 'Breakfast']","<span class=""bui-u-sr-only"">
Price
¥494,315
</span>",40 m²,['Pets\n\n\nPets are not allowed.'],
stegio,"ΚΑΚΑΠΕΤΡΑ ΠΑΡΟΙΚΙΑΣ ΠΑΡΟΥ, Parasporos, 84400, Greece",,"['Free parking', 'Free WiFi']","<span class=""bui-u-sr-only"">
Original price
10,813 zł
Current price
9,958 zł
</span>",80 m²,"['Parties\n\n\nParties/events are not allowed', 'Pets\n\n\nPets are not allowed.']",4
Haroula House - Cycladic village Vibes,"Marpissa, Márpissa, 84400, Greece",,"['Non-smoking rooms', 'Airport shuttle', 'Free WiFi']","<span class=""bui-u-sr-only"">
Price
CAD 1,877
</span>",55 m²,"['Smoking\n\nSmoking is not allowed.', 'Parties\n\n\nParties/events are not allowed', 'Pets\n\n\nPets are not allowed.']",
Irini's house with Jacuzzi,"Επαρχιακή Οδός Παροικιάς-Μάρπισσας, Prodromos Paros, 84400, Greece",,"['Free parking', 'Free WiFi', 'Non-smoking rooms', 'Family rooms']","<span class=""bui-u-sr-only"">
Original price
£1,369
Current price
£1,259
</span>",431 feet²,"['Smoking\n\nSmoking is not allowed.', 'Parties\n\n\nParties/events are not allowed', 'Pets\n\n\nPets are not allowed.']",3
Anemos,"Eparchiaki Odos Parikias-Pounta, Parikia, 84400, Greece",9.8Exceptional 5 reviews,"['Outdoor swimming pool', 'Non-smoking rooms', 'Free parking', 'Airport shuttle', 'Free WiFi']","<span class=""bui-u-sr-only"">
Price
$2,574
</span>",753 feet²,"['Smoking\n\nSmoking is not allowed.', 'Parties\n\n\nParties/events are not allowed', 'Pets\n\n\nPets are not allowed.']",
Evita Apartments,"Aliki, Aliki, 84400, Greece",9.4Wonderful 85 reviews,"['Free WiFi', 'Non-smoking rooms', 'Free parking', 'Beachfront', 'Family rooms']","<span class=""bui-u-sr-only"">
Original price
€ 2,400
Current price
€ 2,208
</span>",70 m²,['Pets\n\n\nPets are not allowed.'],3
Solasta Residence,"Marpissa Paros, Kampos Paros, 84400, Greece",10Exceptional 1 review,"['Free parking', 'Free WiFi']","<span class=""bui-u-sr-only"">
Original price
UAH 133,211
Current price
UAH 122,554
</span>",136 m²,"['Smoking\n\nSmoking is not allowed.', 'Parties\n\n\nParties/events are not allowed', 'Pets\n\n\nPets are not allowed.']",4
Solasta Residence,"Marpissa Paros, Kampos Paros, 84400, Greece",,,,,[],
Citadela Paros Molos - Beachfront Maisonette with Plunge Pool,"Molos Beach, Molos Parou, 84400, Greece",10Exceptional 1 review,"['Non-smoking rooms', 'Beachfront', 'Free parking']","<span class=""bui-u-sr-only"">
Original price
£3,202
Current price
£2,945
</span>",1130 feet²,"['Smoking\n\nSmoking is not allowed.', 'Parties\n\n\nParties/events are not allowed', 'Pets\n\n\nPets are not allowed.']",4
Nevma Naousa Boutique Apartment,"Λοχαγού Κορτιάνου, Naousa, 84401, Greece",9.8Exceptional 6 reviews,"['Non-smoking rooms', 'Free parking', 'Free WiFi', 'Family rooms']","<span class=""bui-u-sr-only"">
Price
CAD 4,989
</span>",47 m²,"['Smoking\n\nSmoking is not allowed.', 'Parties\n\n\nParties/events are not allowed', 'Pets\n\n\nFree!\nPets are allowed. No extra charges.']",3
SUGAR CUBE Santa Maria,"SANTA MARIA, Kampos Paros, Greece",,"['Free parking', 'Non-smoking rooms', 'Free WiFi', 'Family rooms']","<span class=""bui-u-sr-only"">
Price
JOD 1,371
</span>",85 m²,"['Smoking\n\nSmoking is not allowed.', 'Parties\n\n\nParties/events are not allowed', 'Quiet hours\n\n\nGuests need be quiet between 12:00 AM and 7:00 AM.', 'Pets\n\n\nPets are not allowed.']",3
Callisto Houses,"Eparchiaki Odos Parikias-Piso Livadiou, Márpissa, 84400, Greece",9.6Exceptional 8 reviews,"['Outdoor swimming pool', 'Free parking', 'Non-smoking rooms', 'Free WiFi', 'Family rooms', 'Fitness center']","<span class=""bui-u-sr-only"">
Price
$1,716
</span>",861 feet²,"['Quiet hours\n\n\nGuests need be quiet between 3:00 PM and 5:00 PM.', 'Pets\n\n\nPets are allowed on request. Charges may apply.']",
Michael Zeppos Studios,"ναουσα, Naousa, 84401, Greece",9.1Wonderful 12 reviews,"['Non-smoking rooms', 'Free WiFi', 'Family rooms']","<span class=""bui-u-sr-only"">
Price
$2,960
</span>",484 feet²,"['Smoking\n\nSmoking is not allowed.', 'Parties\n\n\nParties/events are not allowed', 'Quiet hours\n\n\nGuests need be quiet between 2:00 PM and 5:00 PM.', 'Pets\n\n\nPets are not allowed.']",
Sun House Paros,"House 5 - Pure Paros, Peteloudes, Paro, 84400, Greece, Kampos Paros, 84400, Greece",10Exceptional 1 review,"['Outdoor swimming pool', 'Free parking', 'Non-smoking rooms', 'Free WiFi']","<span class=""bui-u-sr-only"">
Price
SAR 11,465
</span>",105 m²,"['Smoking\n\nSmoking is not allowed.', 'Parties\n\n\nParties/events are not allowed', 'Quiet hours\n\n\nGuests need be quiet between 2:00 PM and 4:00 PM.', 'Pets\n\n\nPets are not allowed.']",4
Villa Aspa Paros,"Πρόδρομος, Πάρος, Prodromos Paros, 84400, Greece",9.7Exceptional 6 reviews,"['Free parking', 'Non-smoking rooms', 'Free WiFi', 'Family rooms']","<span class=""bui-u-sr-only"">
Price
$2,368
</span>",1023 feet²,"['Smoking\n\nSmoking is not allowed.', 'Parties\n\n\nParties/events are not allowed', 'Pets\n\n\nFree!\nPets are allowed on request. No extra charges.']",
Angels Estate Precious Villas,"Πρωτόρια, Naousa, 84401, Greece",9.6Exceptional 5 reviews,"['Outdoor swimming pool', 'Non-smoking rooms', 'Free parking', 'Free WiFi', 'Family rooms']","<span class=""bui-u-sr-only"">
Price
¥554,981
</span>",75 m²,"['Smoking\n\nSmoking is not allowed.', 'Pets\n\n\nPets are not allowed.']",4
Casa Lea Paros,"Naousa Parou, Naousa, 84400, Greece",8.4Very Good 10 reviews,"['Non-smoking rooms', 'Free parking', 'Free WiFi', 'Family rooms']","<span class=""bui-u-sr-only"">
Original price
$1,223
Current price
$1,100
</span>",215 feet²,"['Parties\n\n\nParties/events are not allowed', 'Pets\n\n\nPets are not allowed.']",
"Joy's villa in Ampelas, Paros","Ampelas, Paros, Kampos Paros, 84401, Greece",,"['Free WiFi', 'Free parking']","<span class=""bui-u-sr-only"">
Original price
€ 1,836
Current price
€ 1,689
</span>",160 m²,['Pets\n\n\nFree!\nPets are allowed. No extra charges.'],
Sun & Stone- Modern Cycladic House,"Kakapetra Paros Cyclades, Kampos Paros, 84400, Greece",,"['Free WiFi', 'Free parking']","<span class=""bui-u-sr-only"">
Original price
€ 1,901
Current price
€ 1,749
</span>",100 m²,"['Smoking\n\nSmoking is not allowed.', 'Parties\n\n\nParties/events are not allowed', 'Pets\n\n\nPets are not allowed.']",4
Sun & Stone- Modern Cycladic House,"Kakapetra Paros Cyclades, Kampos Paros, 84400, Greece",,,,,[],
Villa Oleum,"PISO LIVADI, Piso Livadi, 84400, Greece",,"['Outdoor swimming pool', 'Non-smoking rooms', 'Free parking', 'Free WiFi']","<span class=""bui-u-sr-only"">
Price
£7,218
</span>",5705 feet²,"['Smoking\n\nSmoking is not allowed.', 'Pets\n\n\nPets are not allowed.']",4
SUNSET POUNDA LUXURY VERSION,"ΠΑΡΟΣ ΚΥΚΛΑΔΕΣ, Pounda, 84400, Greece",9.5Exceptional 2 reviews,['Free parking'],"<span class=""bui-u-sr-only"">
Original price
€ 3,201
Current price
€ 2,945
</span>",70 m²,"['Smoking\n\nSmoking is not allowed.', 'Parties\n\n\nParties/events are not allowed', 'Pets\n\n\nPets are not allowed.']",3
Ippocampos Seaside Serenity - Unwind at Paros Poolside Retreats,"Αλυκη παρος Στουντιο ιπποκαμπος, Aliki, 84400, Greece",9.1Wonderful 9 reviews,"['Outdoor swimming pool', 'Free parking', 'Free WiFi', 'Family rooms']","<span class=""bui-u-sr-only"">
Price
$2,289
</span>",431 feet²,"['Parties\n\n\nParties/events are not allowed', 'Quiet hours\n\n\nGuests need be quiet between 11:00 PM and 8:00 AM.', 'Pets\n\n\nFree!\nPets are allowed. No extra charges.']",
Villa Aegean Blue,"Parasporos, Parikia, 84400, Greece",,"['Free WiFi', 'Free parking']","<span class=""bui-u-sr-only"">
Price
€ 3,060
</span>",155 m²,"['Smoking\n\nSmoking is not allowed.', 'Parties\n\n\nParties/events are not allowed', 'Quiet hours\n\n\nGuests need be quiet between 11:00 PM and 7:00 AM.', 'Pets\n\n\nPets are not allowed.']",
Coraline Villa,"Aspro Chorio, Kampos Paros, 84400, Greece",,"['Outdoor swimming pool', 'Free WiFi', 'Non-smoking rooms', 'Free parking']","<span class=""bui-u-sr-only"">
Original price
€ 2,850
Current price
€ 2,622
</span>",85 m²,"['Smoking\n\nSmoking is not allowed.', 'Parties\n\n\nParties/events are not allowed', 'Pets\n\n\nPets are not allowed.']",4
Anthippi,"Parikia, Parikia, 84400, Greece",8.0Very Good 32 reviews,"['Outdoor swimming pool', 'Non-smoking rooms', 'Free parking', 'Free WiFi', 'Family rooms', 'Bar', 'Breakfast']","<span class=""bui-u-sr-only"">
Price
CAD 2,388
</span>",85 m²,"['Smoking\n\nSmoking is not allowed.', 'Quiet hours\n\n\nGuests need be quiet between 3:00 PM and 5:00 PM.', 'Pets\n\n\nPets are not allowed.']",2
Cycladic Villa in Kampos Paros,"37.016736, 25.100723, Kampos Paros, 84400, Greece",,"['Free parking', 'Non-smoking rooms']","<span class=""bui-u-sr-only"">
Price
MXN 82,019
</span>",,['Pets\n\n\nFree!\nPets are allowed. No extra charges.'],
Scarlet beachfront villa,"Μώλος, Molos Parou, 84400, Greece",9.3Wonderful 3 reviews,"['Outdoor swimming pool', 'Airport shuttle', 'Non-smoking rooms', 'Free WiFi', 'Beachfront', 'Free parking', 'Family rooms']","<span class=""bui-u-sr-only"">
Original price
£5,893
Current price
£4,880
</span>",1184 feet²,"['Smoking\n\nSmoking is not allowed.', 'Parties\n\n\nParties/events are not allowed', 'Pets\n\n\nFree!\nPets are allowed on request. No extra charges.']",4
Traditional Villa 5-min walk to the beach,"Σάντα Μαρία Πάρος, Santa Maria, 84400, Greece",9.0Wonderful 3 reviews,"['Non-smoking rooms', 'Free parking', 'Free WiFi']","<span class=""bui-u-sr-only"">
Price
$6,950
</span>",1938 feet²,"['Parties\n\n\nParties/events are not allowed', 'Quiet hours\n\n\nGuests need be quiet between 11:00 PM and 8:00 AM.', 'Pets\n\n\nFree!\nPets are allowed. No extra charges.']",
Villa Haritomeni,"Eparchiaki Odos Parikias-Piso Livadiou Villa Haritomeni, Parikia, Parikia, 84400, Greece",9.9Exceptional 14 reviews,"['Free parking', 'Airport shuttle', 'Free WiFi', 'Family rooms', 'Bar']","<span class=""bui-u-sr-only"">
Price
¥1,078,505
</span>",180 m²,"['Smoking\n\nSmoking is not allowed.', 'Parties\n\n\nParties/events are not allowed', 'Quiet hours\n\n\nGuests need be quiet between 11:00 PM and 7:00 AM.', 'Pets\n\n\nPets are allowed on request. Charges may apply.']",4
Arkas Inn,"Logaras Parou, Logaras, 84400, Greece",9.0Wonderful 104 reviews,"['Outdoor swimming pool', 'Non-smoking rooms', 'Free parking', 'Airport shuttle', 'Free WiFi', 'Family rooms', 'Bar']","<span class=""bui-u-sr-only"">
Price
$2,252
</span>",861 feet²,"['Parties\n\n\nParties/events are not allowed', 'Quiet hours\n\n\nGuests need be quiet between 2:00 PM and 5:00 PM.', 'Pets\n\n\nPets are not allowed.']",
Punda Villas Paros,"Epar. Odos Drios Marpissa Punda, Kampos Paros, 84400, Greece",9.2Wonderful 4 reviews,"['Outdoor swimming pool', 'Free parking', 'Non-smoking rooms', 'Free WiFi', 'Airport shuttle']","<span class=""bui-u-sr-only"">
Price
$2,413
</span>",646 feet²,"['Smoking\n\nSmoking is not allowed.', 'Parties\n\n\nParties/events are not allowed', 'Quiet hours\n\n\nGuests need be quiet between 11:00 PM and 7:00 AM.', 'Pets\n\n\nPets are not allowed.']",
Άνεσις διαμέρισμα στην Πάρο,"Μαρίνα Αλυκής, Aliki, 84400, Greece",,"['Free WiFi', 'Free parking']","<span class=""bui-u-sr-only"">
Original price
€ 1,026
Current price
€ 944
</span>",25 m²,"['Parties\n\n\nParties/events are not allowed', 'Pets\n\n\nFree!\nPets are allowed. No extra charges.']",3
Beautiful House in the Capital of Paros,"Kalliera, Kampos Paros, 84400, Greece",,"['Free parking', 'Free WiFi']","<span class=""bui-u-sr-only"">
Original price
€ 2,160
Current price
€ 1,836
</span>",76 m²,['Pets\n\n\nPets are not allowed.'],4
Beautiful house for 3 people with amazing view,"Thesi Kalami, Kampos Paros, 84400, Greece",7.5Good 4 reviews,"['Free WiFi', 'Free parking', 'Non-smoking rooms']","<span class=""bui-u-sr-only"">
Price
€ 986
</span>",60 m²,"['Smoking\n\nSmoking is not allowed.', 'Parties\n\n\nParties/events are not allowed', 'Quiet hours\n\n\nGuests need be quiet between 11:00 PM and 8:00 AM.', 'Pets\n\n\nPets are not allowed.']",3
Villa Arkadia,"Αγίου Αρσενίου, Parasporos, 84400, Greece",10Exceptional 1 review,"['Non-smoking rooms', 'Free parking', 'Free WiFi']","<span class=""bui-u-sr-only"">
Original price
€ 1,890
Current price
€ 1,739
</span>",85 m²,"['Smoking\n\nSmoking is not allowed.', 'Parties\n\n\nParties/events are not allowed', 'Quiet hours\n\n\nGuests need be quiet between 12:00 AM and 6:00 AM.', 'Pets\n\n\nPets are not allowed.']",3
Paros Afrodite Luxury Villas,"Aliki Paros, Aliki, 84400, Greece",9.6Exceptional 26 reviews,"['Free WiFi', 'Non-smoking rooms', 'Airport shuttle', 'Facilities for disabled guests', 'Free parking']","<span class=""bui-u-sr-only"">
Price
€ 4,000
</span>",70 m²,"['Parties\n\n\nParties/events are not allowed', 'Pets\n\n\nFree!\nPets are allowed on request. No extra charges.']",4
CAMPO SUITES,"ΚΑΜΠΟΣ ΠΑΡΟΥ, Kampos Paros, 84400, Greece",9.7Exceptional 12 reviews,"['Non-smoking rooms', 'Free parking', 'Free WiFi', 'Family rooms']","<span class=""bui-u-sr-only"">
Price
CAD 1,619
</span>",20 m²,"['Smoking\n\nSmoking is not allowed.', 'Parties\n\n\nParties/events are not allowed', 'Quiet hours\n\n\nGuests need be quiet between 3:00 AM and 5:00 AM.', 'Pets\n\n\nPets are not allowed.']",3
Ricardo by the sea,"Χρήστου Κωνσταντόπουλου, Parikia, 84400, Greece",,"['Non-smoking rooms', 'Free parking', 'Free WiFi', 'Beachfront']","<span class=""bui-u-sr-only"">
Price
CAD 2,401
</span>",48 m²,"['Smoking\n\nSmoking is not allowed.', 'Parties\n\n\nParties/events are not allowed', 'Pets\n\n\nPets are not allowed.']",3
Nefeli's Seaside and Sunset Home,"Unnamed Road, Kampos Paros, 84400, Greece",,"['Free parking', 'Free WiFi', 'Non-smoking rooms']","<span class=""bui-u-sr-only"">
Price
RUB 382,822
</span>",135 m²,"['Smoking\n\nSmoking is not allowed.', 'Pets\n\n\nPets are not allowed.']",4
BOUDARI VILLAS,"DRIOS, Drios, 84400, Greece",,"['Outdoor swimming pool', 'Non-smoking rooms', 'Free parking', 'Airport shuttle', 'Beachfront', 'Free WiFi', 'Family rooms', 'Private beach area', 'Breakfast']","<span class=""bui-u-sr-only"">
Price
$5,353
</span>",1076 feet²,"['Parties\n\n\nParties/events are not allowed', 'Pets\n\n\nPets are not allowed.']",
Villa Memories,"Agios Ioanis Prodromos church street, Prodromos Village, Paros Next to the main church Agios Ioanis Prodromos, Village Prodromos, Prodromos Paros, 84400, Greece",9.7Exceptional 3 reviews,"['Free parking', 'Non-smoking rooms', 'Free WiFi', 'Airport shuttle', 'Family rooms']","<span class=""bui-u-sr-only"">
Original price
₹ 437,007
Current price
₹ 402,046
</span>",142 m²,"['Smoking\n\nSmoking is not allowed.', 'Parties\n\n\nParties/events are not allowed', 'Quiet hours\n\n\nGuests need be quiet between 10:00 PM and 9:00 AM.', 'Pets\n\n\nPets are not allowed.']",
Parion Opus,"Náoussa, Greece, Naousa, 84401, Greece",8.8Excellent 5 reviews,"['Non-smoking rooms', 'Free parking', 'Airport shuttle', 'Free WiFi']","<span class=""bui-u-sr-only"">
Price
$3,926
</span>",312 feet²,"['Smoking\n\nSmoking is not allowed.', 'Parties\n\n\nParties/events are not allowed', 'Pets\n\n\nPets are not allowed.']",
Fouli,"ΠΑΡΟΣ ΑΣΠΡΟ ΧΩΡΙΟ, Aspro Chorio Paros, 84400, Greece",,"['Non-smoking rooms', 'Free parking', 'Free WiFi', 'Family rooms']","<span class=""bui-u-sr-only"">
Price
CAD 1,791
</span>",110 m²,['Pets\n\n\nFree!\nPets are allowed. No extra charges.'],3
Villa Blanca,"Aspro Chorio, Aspro Chorio Paros, 84400, Greece",,"['2 swimming pools', 'Free WiFi', 'Free parking']","<span class=""bui-u-sr-only"">
Price
€ 1,836
</span>",100 m²,"['Smoking\n\nSmoking is not allowed.', 'Parties\n\n\nParties/events are not allowed', 'Pets\n\n\nPets are not allowed.']",3
Mia casa,"Νάουσα 0, Naousa, 84400, Greece",8.7Excellent 12 reviews,"['Non-smoking rooms', 'Free WiFi', 'Family rooms']","<span class=""bui-u-sr-only"">
Original price
$3,326
Current price
$3,226
</span>",1076 feet²,"['Smoking\n\nSmoking is not allowed.', 'Parties\n\n\nParties/events are not allowed', 'Quiet hours\n\n\nGuests need be quiet between 12:00 AM and 8:00 AM.', 'Pets\n\n\nPets are not allowed.']",
Surfing Beach Huts,"Santa Maria Beach, Santa Maria, 84400, Greece",6.7Pleasant 66 reviews,"['Outdoor swimming pool', 'Non-smoking rooms', 'Beachfront', 'Airport shuttle (free)', 'Free parking', 'Restaurant', 'Free WiFi', 'Bar', 'Private beach area', 'Breakfast']","<span class=""bui-u-sr-only"">
Price
$644
</span>",,['Pets\n\n\nFree!\nPets are allowed on request. No extra charges.'],
Villalula Suites,"Main Street, Ambelas, 84401, Greece",10Exceptional 2 reviews,"['Non-smoking rooms', 'Free parking', 'Free WiFi', 'Family rooms']","<span class=""bui-u-sr-only"">
Price
RUB 162,189
</span>",75 m²,"['Smoking\n\nSmoking is not allowed.', 'Parties\n\n\nParties/events are not allowed', 'Pets\n\n\nPets are not allowed.']",
Villa Emerald,"Eparchiaki Odos Parikias-Naousas, Isterni, 84400, Greece",7.5Good 1 review,"['Non-smoking rooms', 'Free WiFi', 'Free parking', 'Beachfront', 'Family rooms']","<span class=""bui-u-sr-only"">
Original price
€ 2,120
Current price
€ 1,863
</span>",85 m²,"['Smoking\n\nSmoking is not allowed.', 'Pets\n\n\nPets are not allowed.']",4
"Villa Castanea, 7 minutes from Naousa","Medittera Avra 4, Isterni, 84400, Greece",,"['Outdoor swimming pool', 'Non-smoking rooms', 'Free parking', 'Free WiFi', 'Family rooms']","<span class=""bui-u-sr-only"">
Price
$3,258
</span>",1830 feet²,"['Smoking\n\nSmoking is not allowed.', 'Parties\n\n\nParties/events are not allowed', 'Pets\n\n\nFree!\nPets are allowed. No extra charges.']",
Callisto Plus Villa 1st and ground floor,"Marpissa Paros 84400, Márpissa, 84400, Greece",10Exceptional 1 review,"['Pool  – outdoor (kids)', 'Free parking', 'Non-smoking rooms', 'Family rooms']","<span class=""bui-u-sr-only"">
Price
$1,738
</span>",1292 feet²,"['Smoking\n\nSmoking is not allowed.', 'Parties\n\n\nParties/events are not allowed', 'Pets\n\n\nPets are not allowed.']",
Villa Luxury Magic View,"lefkes paros, Lefkes, 84400, Greece",10Exceptional 1 review,"['Outdoor swimming pool', 'Free WiFi', 'Non-smoking rooms', 'Free parking', 'Family rooms']","<span class=""bui-u-sr-only"">
Original price
€ 5,394
Current price
€ 4,962
</span>",135 m²,"['Parties\n\n\nParties/events are not allowed', 'Pets\n\n\nPets are not allowed.']",
"DREAM VILLAS PAROS 2, ολόκληρος χώρος με πισίνα","Θέση Ταξιαρχάκη, Parikia, 84400, Greece",8.0Very Good 3 reviews,"['Outdoor swimming pool', 'Non-smoking rooms', 'Free parking', 'Free WiFi']","<span class=""bui-u-sr-only"">
Price
Rp 72,347,267
</span>",165 m²,"['Parties\n\n\nParties/events are not allowed', 'Pets\n\n\nFree!\nPets are allowed. No extra charges.']",4
Georgia's quality apartments1,"Πλαγιά, Parikia, 84400, Greece",,"['Non-smoking rooms', 'Free parking', 'Free WiFi', 'Family rooms']","<span class=""bui-u-sr-only"">
Price
CAD 1,903
</span>",40 m²,"['Smoking\n\nSmoking is not allowed.', 'Parties\n\n\nParties/events are not allowed', 'Quiet hours\n\n\nGuests need be quiet between 11:00 PM and 6:00 AM.', 'Pets\n\n\nPets are not allowed.']",3
Wind Villas Pounda,"Pounda, Pounda, 84400, Greece",9.0Wonderful 3 reviews,"['Non-smoking rooms', 'Free WiFi', 'Free parking', 'Beachfront', 'Family rooms']","<span class=""bui-u-sr-only"">
Original price
€ 1,880
Current price
€ 1,730
</span>",80 m²,"['Smoking\n\nSmoking is not allowed.', 'Parties\n\n\nParties/events are not allowed', 'Quiet hours\n\n\nGuests need be quiet between 12:00 AM and 7:00 PM.', 'Pets\n\n\nPets are not allowed.']",3
Paros Afrodite Luxury Villas,"Aliki Paros, Aliki, 84400, Greece",9.6Exceptional 26 reviews,"['Non-smoking rooms', 'Free parking', 'Airport shuttle', 'Facilities for disabled guests', 'Free WiFi']","<span class=""bui-u-sr-only"">
Price
$4,290
</span>",753 feet²,"['Parties\n\n\nParties/events are not allowed', 'Pets\n\n\nFree!\nPets are allowed on request. No extra charges.']",
HOUSE 3Bedroom Maisonette ΕΞΟΧΙΚΟ Alyki PAROS 50m from BEACH ideal for families,"Alyki Paros 84 400, Aliki, 84400, Greece",,"['Outdoor swimming pool', 'Non-smoking rooms', 'Free parking', 'Beachfront', 'Family rooms', 'Bar']","<span class=""bui-u-sr-only"">
Price
€ 1,512
</span>",74 m²,['Pets\n\n\nPets are not allowed.'],
Elia Apartments,"Ag. Irini, Kampos Paros, 84401, Greece",8.0Very Good 4 reviews,"['Free WiFi', 'Free parking', 'Non-smoking rooms', 'Family rooms']","<span class=""bui-u-sr-only"">
Original price
€ 1,744
Current price
€ 1,364
</span>",71 m²,"['Smoking\n\nSmoking is not allowed.', 'Parties\n\n\nParties/events are not allowed', 'Pets\n\n\nPets are not allowed.']",
Eva House Dryos Beach Paros,"Χωρίς  όνομα, Drios, 84400, Greece",10Exceptional 1 review,"['Free WiFi', 'Free parking', 'Family rooms']","<span class=""bui-u-sr-only"">
Original price
€ 1,515
Current price
€ 1,394
</span>",80 m²,"['Smoking\n\nSmoking is not allowed.', 'Parties\n\n\nParties/events are not allowed', 'Pets\n\n\nPets are not allowed.']",3
Villa Matina,"naousa paros, Kolympithres, 84401, Greece",,"['Non-smoking rooms', 'Free WiFi', 'Free parking', 'Family rooms']","<span class=""bui-u-sr-only"">
Price
$3,614
</span>",1615 feet²,"['Smoking\n\nSmoking is not allowed.', 'Parties\n\n\nParties/events are not allowed', 'Pets\n\n\nPets are not allowed.']",
RIZES ELIAS STUDIO WITH SEA VIEW,"ΠΑΡΟΣ, Isterni, 84400, Greece",9.0Wonderful 3 reviews,"['Free WiFi', 'Free parking']","<span class=""bui-u-sr-only"">
Original price
€ 887
Current price
€ 820
</span>",45 m²,"['Smoking\n\nSmoking is not allowed.', 'Parties\n\n\nParties/events are not allowed', 'Quiet hours\n\n\nGuests need be quiet between 3:00 PM and 5:00 PM.', 'Pets\n\n\nPets are not allowed.']",3
Nissiotiko Studios & Apartments,"Dryos, Drios, 84400, Greece",9.0Wonderful 34 reviews,"['Free parking', 'Free WiFi', 'Family rooms']","<span class=""bui-u-sr-only"">
Price
$1,287
</span>",323 feet²,['Pets\n\n\nPets are not allowed.'],
Villa Spitiko - Endless view,"Kostos paros, Kóstos, 84400, Greece",8.0Very Good 1 review,"['Free parking', 'Non-smoking rooms', 'Free WiFi', 'Airport shuttle (free)']","<span class=""bui-u-sr-only"">
Original price
£1,565
Current price
£1,446
</span>",1076 feet²,"['Smoking\n\nSmoking is not allowed.', 'Parties\n\n\nParties/events are not allowed', 'Pets\n\n\nPets are not allowed.']",4
Villa Mocha NEW!,"Αγκαιριάς, Angairiá, 84400, Greece",10Exceptional 1 review,"['Outdoor swimming pool', 'Non-smoking rooms', 'Free parking', 'Free WiFi']","<span class=""bui-u-sr-only"">
Original price
¥1,033,567
Current price
¥981,889
</span>",200 m²,"['Smoking\n\nSmoking is not allowed.', 'Parties\n\n\nParties/events are not allowed', 'Pets\n\n\nPets are not allowed.']",4
Villa Moonrise - Deepest Blue,"Isterni, Isterni, 84401, Greece",,"['Outdoor swimming pool', 'Non-smoking rooms', 'Free parking', 'Airport shuttle', 'Free WiFi']","<span class=""bui-u-sr-only"">
Price
MXN 301,297
</span>",360 m²,['Pets\n\n\nFree!\nPets are allowed. No extra charges.'],4
Empire Luxury Villas,"Ambassador Executive  Villas, Santa Maria, 84401, Greece",8.0Very Good 1 review,"['Outdoor swimming pool', 'Non-smoking rooms', 'Free parking', 'Beachfront', 'Airport shuttle', 'Free WiFi', 'Family rooms']","<span class=""bui-u-sr-only"">
Original price
¥3,302,022
Current price
¥2,311,415
</span>",380 m²,"['Smoking\n\nSmoking is not allowed.', 'Pets\n\n\nPets are not allowed.']",4
Glymar Villas Paros,"Πίσω Λειβάδι 0, Piso Livadi, 84400, Greece",8.0Very Good 1 review,"['Outdoor swimming pool', 'Non-smoking rooms', 'Free parking', 'Beachfront', 'Free WiFi', 'Family rooms', 'Tea/Coffee Maker in All Rooms']","<span class=""bui-u-sr-only"">
Price
$5,676
</span>",936 feet²,"['Smoking\n\nSmoking is not allowed.', 'Parties\n\n\nParties/events are not allowed', 'Pets\n\n\nPets are not allowed.']",
Paros Cave Suites,"Zori Street, Kampos Paros, 84400, Greece",,"['Free parking', 'Non-smoking rooms', 'Beachfront', 'Family rooms', 'Private beach area']","<span class=""bui-u-sr-only"">
Original price
¥572,956
Current price
¥544,308
</span>",40 m²,"['Smoking\n\nSmoking is not allowed.', 'Parties\n\n\nParties/events are not allowed', 'Pets\n\n\nPets are not allowed.']",
Hillside Home (Sea & Sunset),"Επαρχιακή Οδός Παροικιάς-Νάουσας, Ekatondapilianí, 84400, Greece",,"['Non-smoking rooms', 'Free WiFi', 'Free parking']","<span class=""bui-u-sr-only"">
Original price
€ 3,059
Current price
€ 2,824
</span>",80 m²,"['Smoking\n\nSmoking is not allowed.', 'Parties\n\n\nParties/events are not allowed', 'Quiet hours\n\n\nGuests need be quiet between 10:00 PM and 8:00 AM.', 'Pets\n\n\nPets are not allowed.']",4
Spiti Marie (Marie's House),"98 Aspro Xorio, Kampos Paros, 84400, Greece",,"['Non-smoking rooms', 'Free parking', 'Free WiFi', 'Family rooms']","<span class=""bui-u-sr-only"">
Price
CAD 3,816
</span>",160 m²,"['Smoking\n\nSmoking is not allowed.', 'Parties\n\n\nParties/events are not allowed', 'Pets\n\n\nPets are not allowed.']",4
Studio with Seaview at Faragas,"Faragas, Kampos Paros, 84400, Greece",10Exceptional 1 review,"['Free parking', 'Free WiFi', 'Non-smoking rooms', 'Beachfront']","<span class=""bui-u-sr-only"">
Original price
£1,273
Current price
£1,172
</span>",344 feet²,"['Smoking\n\nSmoking is not allowed.', 'Parties\n\n\nParties/events are not allowed', 'Quiet hours\n\n\nGuests need be quiet between 2:00 PM and 5:00 PM.', 'Pets\n\n\nPets are not allowed.']",3
Konstantinos Apartments,"ΠΑΡΟΣ, Parikia, 84400, Greece",8.5Very Good 16 reviews,['Family rooms'],"<span class=""bui-u-sr-only"">
Original price
₹ 105,941
Current price
₹ 97,466
</span>",25 m²,"['Smoking\n\nSmoking is not allowed.', 'Parties\n\n\nParties/events are not allowed', 'Pets\n\n\nPets are not allowed.']",3
Villa Yiarina,"PAROS VILLA, Isterni, 84400, Greece",,"['Outdoor swimming pool', 'Free parking', 'Non-smoking rooms', 'Free WiFi', 'Family rooms']","<span class=""bui-u-sr-only"">
Original price
₹ 317,823
Current price
₹ 292,397
</span>",120 m²,"['Smoking\n\nSmoking is not allowed.', 'Parties\n\n\nParties/events are not allowed', 'Quiet hours\n\n\nGuests need be quiet between 12:00 AM and 8:00 AM.', 'Pets\n\n\nPets are not allowed.']",
Cycladic seaside studio,"Αντίπαρος - Πάρος, Drios, 84400, Greece",,"['Non-smoking rooms', 'Free parking', 'Free WiFi', 'Beachfront', 'Private beach area']","<span class=""bui-u-sr-only"">
Price
CAD 1,713
</span>",30 m²,"['Smoking\n\nSmoking is not allowed.', 'Parties\n\n\nParties/events are not allowed', 'Pets\n\n\nPets are not allowed.']",
Dream Villas Paros 1 ολόκληρος χώρος με πισίνα,"Θέση Ταξιαρχάκη, Parikia, 84400, Greece",9.0Wonderful 2 reviews,"['Outdoor swimming pool', 'Free parking', 'Free WiFi']","<span class=""bui-u-sr-only"">
Price
R$ 26,315
</span>",221 m²,"['Smoking\n\nSmoking is not allowed.', 'Parties\n\n\nParties/events are not allowed', 'Quiet hours\n\n\nGuests need be quiet between 3:00 PM and 5:00 PM.', 'Pets\n\n\nFree!\nPets are allowed. No extra charges.']",4
"Little Troll House 2, Golden Beach,","Chrisi akti, 84400 Chrisi Akti, Chrissi Akti, 84400, Greece",10Exceptional 6 reviews,"['Non-smoking rooms', 'Free parking', 'Free WiFi']","<span class=""bui-u-sr-only"">
Original price
£974
Current price
£896
</span>",205 feet²,"['Quiet hours\n\n\nGuests need be quiet between 11:00 PM and 10:00 AM.', 'Pets\n\n\nFree!\nPets are allowed on request. No extra charges.']",3
B&B Leone - Deluxe,"Agkairias, Kampos Paros, 84400, Greece",,"['Free WiFi', 'Free parking', 'Non-smoking rooms', 'Breakfast']","<span class=""bui-u-sr-only"">
Original price
4,368 zł
Current price
4,019 zł
</span>",32 m²,"['Smoking\n\nSmoking is not allowed.', 'Parties\n\n\nParties/events are not allowed', 'Pets\n\n\nPets are not allowed.']",3
ELIA Villas PAROS K1+K2,"ISTERNI NAOUSAS PAROY, Isterni, 84400, Greece",,"['Outdoor swimming pool', 'Non-smoking rooms', 'Free parking', 'Free WiFi', 'Family rooms']","<span class=""bui-u-sr-only"">
Price
$19,306
</span>",3983 feet²,"['Smoking\n\nSmoking is not allowed.', 'Parties\n\n\nParties/events are not allowed', 'Pets\n\n\nFree!\nPets are allowed. No extra charges.']",
SUNSENSES Villa,"ΜΑΓΓΑΝΟ ΑΓΓΑΙΡΙΑΣ ΠΑΡΟΣ, Angairiá, 84400, Greece",10Exceptional 2 reviews,"['Non-smoking rooms', 'Free parking', 'Free WiFi']","<span class=""bui-u-sr-only"">
Price
$2,992
</span>",1615 feet²,"['Smoking\n\nSmoking is not allowed.', 'Parties\n\n\nParties/events are not allowed', 'Quiet hours\n\n\nGuests need be quiet between 12:00 AM and 8:00 AM.', 'Pets\n\n\nPets are not allowed.']",
Vera's Island Magic,"Ambelas, Ambelas, 84401, Greece",9.2Wonderful 4 reviews,"['Non-smoking rooms', 'Free parking', 'Free WiFi']","<span class=""bui-u-sr-only"">
Price
$ 1,131,099
</span>",150 m²,"['Smoking\n\nSmoking is not allowed.', 'Parties\n\n\nParties/events are not allowed', 'Quiet hours\n\n\nGuests need be quiet between 2:00 PM and 6:00 PM.', 'Pets\n\n\nPets are not allowed.']",4
Nissiotiko Studios & Apartments,"Dryos, Drios, 84400, Greece",9.0Wonderful 34 reviews,"['Free parking', 'Free WiFi', 'Family rooms']","<span class=""bui-u-sr-only"">
Price
$1,287
</span>",323 feet²,['Pets\n\n\nPets are not allowed.'],
Georgia's quality apartments 4,"Επαρχιακή Οδός Παροικιάς-Νάουσας, Parikia, 84400, Greece",10Exceptional 1 review,"['Non-smoking rooms', 'Free parking', 'Free WiFi', 'Family rooms']","<span class=""bui-u-sr-only"">
Price
£1,444
</span>",366 feet²,"['Smoking\n\nSmoking is not allowed.', 'Parties\n\n\nParties/events are not allowed', 'Quiet hours\n\n\nGuests need be quiet between 11:00 PM and 6:00 AM.', 'Pets\n\n\nPets are not allowed.']",3
ELAIA VILLAS K2,"Επαρχιακή Οδός Νάουσας-Μάρπισσας, Isterni, 84400, Greece",9.0Wonderful 1 review,"['Outdoor swimming pool', 'Non-smoking rooms', 'Free WiFi', 'Free parking', 'Family rooms']","<span class=""bui-u-sr-only"">
Price
40,446 zł
</span>",190 m²,"['Smoking\n\nSmoking is not allowed.', 'Parties\n\n\nParties/events are not allowed', 'Quiet hours\n\n\nGuests need be quiet between 2:00 PM and 6:00 PM.', 'Pets\n\n\nFree!\nPets are allowed. No extra charges.']",
Villa Gal-Paros!,"Αgioy Αrsenioy, Kampos Paros, 84400, Greece",8.0Very Good 1 review,"['Free parking', 'Free WiFi']","<span class=""bui-u-sr-only"">
Original price
₹ 225,125
Current price
₹ 207,115
</span>",120 m²,"['Smoking\n\nSmoking is not allowed.', 'Parties\n\n\nParties/events are not allowed', 'Pets\n\n\nPets are not allowed.']",4
Cycladic home with Seaview,"Tzanes, Kampos Paros, 84400, Greece",9.0Wonderful 1 review,"['Free parking', 'Non-smoking rooms', 'Free WiFi', 'Family rooms']","<span class=""bui-u-sr-only"">
Original price
¥298,836
Current price
¥283,894
</span>",110 m²,"['Smoking\n\nSmoking is not allowed.', 'Parties\n\n\nParties/events are not allowed', 'Pets\n\n\nFree!\nPets are allowed on request. No extra charges.']",3
Paros Molos beachfront apartment,"Molos Paros, Molos Parou, 84400, Greece",,"['Free parking', 'Free WiFi']","<span class=""bui-u-sr-only"">
Original price
$1,158
Current price
$927
</span>",388 feet²,"['Smoking\n\nSmoking is not allowed.', 'Parties\n\n\nParties/events are not allowed', 'Pets\n\n\nPets are not allowed.']",
Ambelas Mare Apartments,"Ambelas, Ambelas, 84400, Greece",9.6Exceptional 69 reviews,"['Outdoor swimming pool', 'Free parking', 'Non-smoking rooms', 'Room service', 'Airport shuttle', 'Beachfront', 'Bar', 'Private beach area', 'Breakfast']","<span class=""bui-u-sr-only"">
Price
₹ 246,313
</span>",30 m²,"['Smoking\n\nSmoking is not allowed.', 'Parties\n\n\nParties/events are not allowed', 'Quiet hours\n\n\nGuests need be quiet between 10:00 PM and 8:00 AM.', 'Pets\n\n\nFree!\nPets are allowed on request. No extra charges.']",4
SAO Smallport. Naoussa. Paros.,"naoussa, Naousa, 84401, Greece",,"['Non-smoking rooms', 'Free WiFi', 'Family rooms']","<span class=""bui-u-sr-only"">
Original price
$3,388
Current price
$2,541
</span>",592 feet²,"['Smoking\n\nSmoking is not allowed.', 'Parties\n\n\nParties/events are not allowed', 'Pets\n\n\nPets are not allowed.']",
Mia casaki,"Επαρχιακή Οδός Νάουσας-Μάρπισσας, Naousa, 84401, Greece",,"['Non-smoking rooms', 'Free WiFi']","<span class=""bui-u-sr-only"">
Original price
€ 1,280
Current price
€ 1,131
</span>",20 m²,"['Smoking\n\nSmoking is not allowed.', 'Parties\n\n\nParties/events are not allowed', 'Quiet hours\n\n\nGuests need be quiet between 11:00 PM and 8:00 AM.', 'Pets\n\n\nPets are not allowed.']",3
Luxury Villa Akes - Elegance Home,"Isterni 1, Isterni, 84401, Greece",,"['Outdoor swimming pool', 'Non-smoking rooms', 'Free parking', 'Free WiFi', 'Family rooms']","<span class=""bui-u-sr-only"">
Price
CAD 18,169
</span>",380 m²,"['Smoking\n\nSmoking is not allowed.', 'Pets\n\n\nFree!\nPets are allowed on request. No extra charges.']",
Isterni Paros,"Isterni Paros, Isterni, 84401, Greece",,"['Outdoor swimming pool', 'Non-smoking rooms', 'Free parking', 'Family rooms']","<span class=""bui-u-sr-only"">
Original price
€ 6,000
Current price
€ 5,520
</span>",250 m²,"['Smoking\n\nSmoking is not allowed.', 'Pets\n\n\nPets are not allowed.']",4
Bonzoe #4,"Paroikia Livadia, Parikia, 84400, Greece",,"['Free parking', 'Free WiFi']","<span class=""bui-u-sr-only"">
Price
CAD 2,204
</span>",45 m²,"['Smoking\n\nSmoking is not allowed.', 'Parties\n\n\nParties/events are not allowed', 'Pets\n\n\nPets are not allowed.']",3
KASTRON AIOLOS 2 at Voutakos Paros,"βουτακος, Kampos Paros, 84400, Greece",,"['Free parking', 'Family rooms']","<span class=""bui-u-sr-only"">
Price
$1,631
</span>",484 feet²,"['Parties\n\n\nParties/events are not allowed', 'Pets\n\n\nFree!\nPets are allowed. No extra charges.']",
Villa Vino - Cycladic Calm,"isterni paros, Isterni, 84400, Greece",,"['Outdoor swimming pool', 'Non-smoking rooms', 'Free WiFi', 'Airport shuttle', 'Free parking', 'Private beach area']","<span class=""bui-u-sr-only"">
Original price
20,353 zł
Current price
18,761 zł
</span>",120 m²,"['Smoking\n\nSmoking is not allowed.', 'Parties\n\n\nParties/events are not allowed', 'Pets\n\n\nFree!\nPets are allowed. No extra charges.']",
Villa Sandstone by Rocks Estates,"Πάρος, Ambelas, 84401, Greece",,"['Free parking', 'Beachfront', 'Free WiFi', 'Family rooms']","<span class=""bui-u-sr-only"">
Original price
€ 6,000
Current price
€ 5,520
</span>",170 m²,"['Smoking\n\nSmoking is not allowed.', 'Parties\n\n\nParties/events are not allowed', 'Pets\n\n\nPets are not allowed.']",4
Adorable 3 bedroom maisonette in Pounta,"Eparchiaki Odos Parikias-Pountas, Kampos Paros, 84400, Greece",,"['Free WiFi', 'Free parking']","<span class=""bui-u-sr-only"">
Original price
€ 1,668
Current price
€ 1,546
</span>",135 m²,"['Smoking\n\nSmoking is not allowed.', 'Parties\n\n\nParties/events are not allowed', 'Pets\n\n\nPets are not allowed.']",4
Golden Beach Villa Paros,"Golden Beach Paros, Chrissi Akti, 84400, Greece",,"['Non-smoking rooms', 'Beachfront', 'Free WiFi', 'Free parking', 'Family rooms']","<span class=""bui-u-sr-only"">
Price
€ 11,880
</span>",250 m²,"['Smoking\n\nSmoking is not allowed.', 'Parties\n\n\nParties/events are not allowed', 'Pets\n\n\nFree!\nPets are allowed. No extra charges.']",4
Villa Gaia,"Butterfly Valley Sotires, Sarakíniko, 84400, Greece",,"['Non-smoking rooms', 'Free parking', 'Airport shuttle (free)', 'Free WiFi', 'Family rooms']","<span class=""bui-u-sr-only"">
Original price
¥395,452
Current price
¥345,625
</span>",135 m²,"['Smoking\n\nSmoking is not allowed.', 'Parties\n\n\nParties/events are not allowed', 'Pets\n\n\nFree!\nPets are allowed. No extra charges.']",
Lou Seaside and Sunset Studio,"Unnamed Road, Kampos Paros, 84400, Greece",,"['Free WiFi', 'Free parking', 'Non-smoking rooms']","<span class=""bui-u-sr-only"">
Price
€ 1,329
</span>",35 m²,"['Smoking\n\nSmoking is not allowed.', 'Pets\n\n\nPets are not allowed.']",3
Villa Mataki - Le joyau égéen,"Kostos, Kóstos, 84400, Greece",,"['Outdoor swimming pool', 'Free parking', 'Non-smoking rooms', 'Free WiFi', 'Airport shuttle', 'Bar']","<span class=""bui-u-sr-only"">
Price
₹ 1,142,310
</span>",400 m²,"['Smoking\n\nSmoking is not allowed.', 'Pets\n\n\nPets are not allowed.']",
Aliki house . Ideal for 4 guests,"Antiparos - Pounta, Kampos Paros, 84400, Greece",,"['Free parking', 'Free WiFi']","<span class=""bui-u-sr-only"">
Price
$1,002
</span>",,"['Parties\n\n\nParties/events are not allowed', 'Pets\n\n\nFree!\nPets are allowed. No extra charges.']",
Luxury Paros Villa Villa Ianthe Striking Beauty 4 bedrooms Glisidia,"Glisidia, Kampos Paros, 84400, Greece",,"['Outdoor swimming pool', 'Non-smoking rooms', 'Family rooms']","<span class=""bui-u-sr-only"">
Price
$6,859
</span>",2691 feet²,"['Smoking\n\nSmoking is not allowed.', 'Parties\n\n\nParties/events are not allowed', 'Pets\n\n\nFree!\nPets are allowed. No extra charges.']",
Villa Arleta in Punda Beach Paros for 8 with private pool,"Punda Beach Paros, Kampos Paros, 84400, Greece",,"['Outdoor swimming pool', 'Free parking', 'Non-smoking rooms', 'Free WiFi', 'Fitness center', 'Family rooms']","<span class=""bui-u-sr-only"">
Price
$7,240
</span>",2153 feet²,"['Smoking\n\nSmoking is not allowed.', 'Parties\n\n\nParties/events are not allowed', 'Quiet hours\n\n\nGuests need be quiet between 10:00 PM and 7:00 AM.', 'Pets\n\n\nPets are not allowed.']",
DreamstoNe house,"Παρασπορος, Paraspóri, 84400, Greece",,"['Non-smoking rooms', 'Free parking', 'Free WiFi', 'Family rooms']","<span class=""bui-u-sr-only"">
Price
CAD 2,942
</span>",80 m²,"['Smoking\n\nSmoking is not allowed.', 'Parties\n\n\nParties/events are not allowed', 'Pets\n\n\nPets are not allowed.']",
Marble Villas,"LIAROKOPI,AGIA FOTINI PARIKIA PAROS, Ekatondapilianí, 84400, Greece",10Exceptional 2 reviews,"['Free parking', 'Free WiFi']","<span class=""bui-u-sr-only"">
Price
$2,838
</span>",861 feet²,"['Smoking\n\nSmoking is not allowed.', 'Parties\n\n\nParties/events are not allowed', 'Pets\n\n\nPets are not allowed.']",
Villa Kelly Rooms & Suites,"Main Street, Naousa, 84401, Greece",9.0Wonderful 278 reviews,"['Outdoor swimming pool', 'Airport shuttle', 'Free WiFi', 'Free parking', 'Family rooms']","<span class=""bui-u-sr-only"">
Price
€ 2,523
</span>",33 m²,"['Parties\n\n\nParties/events are not allowed', 'Quiet hours\n\n\nGuests need be quiet between 11:00 PM and 8:00 AM.', 'Pets\n\n\nPets are not allowed.']",4
Green Retreats 4 Paros,"Paros 0, Isterni, 84400, Greece",,"['Non-smoking rooms', 'Free parking', 'Free WiFi']","<span class=""bui-u-sr-only"">
Price
$863
</span>",269 feet²,"['Smoking\n\nSmoking is not allowed.', 'Parties\n\n\nParties/events are not allowed', 'Pets\n\n\nFree!\nPets are allowed. No extra charges.']",
Villa Rhea,"Aspro Chorio, Drios, 84400, Greece",,"['Non-smoking rooms', 'Free parking', 'Free WiFi']","<span class=""bui-u-sr-only"">
Price
$2,040
</span>",1453 feet²,"['Smoking\n\nSmoking is not allowed.', 'Parties\n\n\nParties/events are not allowed', 'Pets\n\n\nFree!\nPets are allowed. No extra charges.']",
Luxury Villa Jolly in Paros Isterni,"Isterni, Isterni, 84400, Greece",,"['Outdoor swimming pool', 'Free parking', 'Free WiFi']","<span class=""bui-u-sr-only"">
Price
AED 27,229
</span>",300 m²,"['Smoking\n\nSmoking is not allowed.', 'Parties\n\n\nParties/events are not allowed', 'Pets\n\n\nPets are not allowed.']",3
Paros Molos beachfront appartment,"Molos Beach, Kampos Paros, 84400, Greece",,"['Free WiFi', 'Free parking']","<span class=""bui-u-sr-only"">
Original price
7,334 zł
Current price
6,601 zł
</span>",60 m²,"['Smoking\n\nSmoking is not allowed.', 'Parties\n\n\nParties/events are not allowed', 'Pets\n\n\nPets are not allowed.']",
Angel Villa in Paros,"47MC+C2 Lagkeri, Greece, Santa Marina, 84401, Greece",,"['Non-smoking rooms', 'Free parking', 'Free WiFi']","<span class=""bui-u-sr-only"">
Original price
CAD 3,580
Current price
CAD 3,401
</span>",100 m²,"['Smoking\n\nSmoking is not allowed.', 'Pets\n\n\nPets are not allowed.']",4
Angel Villa in Paros,"47MC+C2 Lagkeri, Greece, Santa Marina, 84401, Greece",,,,,[],
Balloo - A house gazing out on the Aegean blue,"Άσπρο Χωριό, Aspro Chorio Paros, 84400, Greece",9.0Wonderful 3 reviews,"['Free WiFi', 'Free parking']","<span class=""bui-u-sr-only"">
Original price
€ 2,057
Current price
€ 1,893
</span>",116 m²,"['Smoking\n\nSmoking is not allowed.', 'Parties\n\n\nParties/events are not allowed', 'Pets\n\n\nPets are not allowed.']",4
Cycladic Villa kamari,"PO BOX 52618, Kampos Paros, 84400, Greece",,"['Free parking', 'Free WiFi']","<span class=""bui-u-sr-only"">
Original price
£1,392
Current price
£1,114
</span>",1507 feet²,"['Smoking\n\nSmoking is not allowed.', 'Parties\n\n\nParties/events are not allowed', 'Pets\n\n\nPets are not allowed.']",
Paradise Blue 4,"Λογαρας, Logaras, 84400, Greece",,"['Non-smoking rooms', 'Free parking', 'Free WiFi', 'Family rooms']","<span class=""bui-u-sr-only"">
Price
AED 11,818
</span>",102 m²,"['Smoking\n\nSmoking is not allowed.', 'Parties\n\n\nParties/events are not allowed', 'Pets\n\n\nPets are not allowed.']",3
Maria Seaview Villa,"Naousa, Naousa, 84401, Greece",8.6Excellent 5 reviews,"['Free parking', 'Beachfront', 'Free WiFi', 'Family rooms']","<span class=""bui-u-sr-only"">
Price
$4,633
</span>",1076 feet²,"['Smoking\n\nSmoking is not allowed.', 'Parties\n\n\nParties/events are not allowed', 'Quiet hours\n\n\nGuests need be quiet between 10:00 PM and 8:00 AM.', 'Pets\n\n\nPets are not allowed.']",
Test Villa,"SANTA MARIA, Kampos Paros, 84401, Greece",,['Free parking'],"<span class=""bui-u-sr-only"">
Price
$6,081
</span>",1830 feet²,"['Smoking\n\nSmoking is not allowed.', 'Parties\n\n\nParties/events are not allowed', 'Pets\n\n\nPets are not allowed.']",
Paros Villa Alexandra,"Santa Maria, Santa Maria, 84401, Greece",7.0Good 1 review,"['Non-smoking rooms', 'Free parking', 'Free WiFi', 'Family rooms']","<span class=""bui-u-sr-only"">
Price
RUB 309,833
</span>",205 m²,"['Smoking\n\nSmoking is not allowed.', 'Parties\n\n\nParties/events are not allowed', 'Pets\n\n\nPets are not allowed.']",4
seaside Villa Glyfa Paros,"Παραλια Γλυφά, Aspro Chorio Paros, 84400, Greece",,"['Outdoor swimming pool', 'Free parking']","<span class=""bui-u-sr-only"">
Price
$5,931
</span>",1076 feet²,"['Smoking\n\nSmoking is not allowed.', 'Parties\n\n\nParties/events are not allowed', 'Pets\n\n\nFree!\nPets are allowed. No extra charges.']",
Paros Enjoy Apartments,"Naoussa, Kampos Paros, 84400, Greece",,"['Free parking', 'Free WiFi', 'Restaurant', 'Airport shuttle', 'Family rooms']","<span class=""bui-u-sr-only"">
Price
COP 13,124,660
</span>",75 m²,"['Parties\n\n\nParties/events are not allowed', 'Pets\n\n\nPets are not allowed.']",
Villa Calm House,"Ναουσα παρου, Naousa, 84400, Greece",,"['Outdoor swimming pool', 'Non-smoking rooms', 'Free parking', 'Free WiFi']","<span class=""bui-u-sr-only"">
Price
$12,871
</span>",1507 feet²,"['Smoking\n\nSmoking is not allowed.', 'Parties\n\n\nParties/events are not allowed', 'Pets\n\n\nPets are not allowed.']",
Marios L,"Μοναστηρι Παρος, Kolympithres, Greece",,"['Non-smoking rooms', 'Beachfront', 'Free parking', 'Family rooms', 'Bar', 'Breakfast']","<span class=""bui-u-sr-only"">
Original price
€ 3,768
Current price
€ 3,466
</span>",70 m²,"['Parties\n\n\nParties/events are not allowed', 'Pets\n\n\nPets are not allowed.']",
Ntora's Traditional Family Cottage,"Unnamed, Krotiri, 84400, Greece",,"['Free parking', 'Free WiFi']","<span class=""bui-u-sr-only"">
Price
₪ 8,105
</span>",87 m²,"['Smoking\n\nSmoking is not allowed.', 'Parties\n\n\nParties/events are not allowed', 'Pets\n\n\nPets are not allowed.']",
Villa Alena,"Agkeria, Kampos Paros, 84400, Greece",,"['Free parking', 'Free WiFi']","<span class=""bui-u-sr-only"">
Price
PEN 7,598
</span>",95 m²,"['Smoking\n\nSmoking is not allowed.', 'Parties\n\n\nParties/events are not allowed', 'Pets\n\n\nPets are not allowed.']",
Anemos,"Κampos , Kampos Paros, 84400, Greece",,"['Non-smoking rooms', 'Free parking', 'Free WiFi']","<span class=""bui-u-sr-only"">
Price
CAD 1,435
</span>",42 m²,"['Smoking\n\nSmoking is not allowed.', 'Parties\n\n\nParties/events are not allowed', 'Pets\n\n\nPets are not allowed.']",
Kyanós House - Center of Aliki,"Aliki paros, Aliki, 84400, Greece",,"['Non-smoking rooms', 'Free parking', 'Free WiFi', 'Family rooms']","<span class=""bui-u-sr-only"">
Original price
¥167,917
Current price
¥146,759
</span>",30 m²,"['Smoking\n\nSmoking is not allowed.', 'Parties\n\n\nParties/events are not allowed', 'Pets\n\n\nFree!\nPets are allowed. No extra charges.']",
Seaside Paros,"Ampelas, Ambelas, 84401, Greece",,"['Free parking', 'Free WiFi']","<span class=""bui-u-sr-only"">
Price
$3,689
</span>",1227 feet²,"['Smoking\n\nSmoking is not allowed.', 'Parties\n\n\nParties/events are not allowed', 'Pets\n\n\nPets are not allowed.']",
Paros Sunset Villa,"Paroikia, Parikia, 84400, Greece",,"['Free parking', 'Free WiFi']","<span class=""bui-u-sr-only"">
Price
₹ 562,547
</span>",200 m²,"['Smoking\n\nSmoking is not allowed.', 'Parties\n\n\nParties/events are not allowed', 'Pets\n\n\nPets are not allowed.']",4
Bedspot Apartments Paros,"Paros Naousa 844 01, Kampos Paros, 84401, Greece",,"['Non-smoking rooms', 'Free WiFi']","<span class=""bui-u-sr-only"">
Price
$1,014
</span>",269 feet²,"['Smoking\n\nSmoking is not allowed.', 'Parties\n\n\nParties/events are not allowed', 'Pets\n\n\nPets are not allowed.']",
VG studios,"Μαρίνα Αλυκής, Aliki, 84400, Greece",,"['Non-smoking rooms', 'Airport shuttle', 'Free parking', 'Beachfront', 'Restaurant', 'Free WiFi', 'Family rooms']","<span class=""bui-u-sr-only"">
Price
€ 1,080
</span>",35 m²,"['Smoking\n\nSmoking is not allowed.', 'Parties\n\n\nParties/events are not allowed', 'Pets\n\n\nPets are not allowed.']",3
Irene Studios - Beachfront,"Parikia, Parikia, 84400, Greece",8.8Excellent 102 reviews,"['Free WiFi', 'Non-smoking rooms', 'Free parking', 'Beachfront', 'Bar']","<span class=""bui-u-sr-only"">
Original price
€ 2,151
Current price
€ 1,979
</span>",22 m²,['Pets\n\n\nFree!\nPets are allowed on request. No extra charges.'],3
Mer Bleu Luxury Apartments,"Αμπελάς, Ambelas, 84401, Greece",8.8Excellent 39 reviews,"['Outdoor swimming pool', 'Non-smoking rooms', 'Free parking', 'Free WiFi', 'Family rooms', 'Bar']","<span class=""bui-u-sr-only"">
Price
SCR 10,776
</span>",35 m²,"['Smoking\n\nSmoking is not allowed.', 'Parties\n\n\nParties/events are not allowed', 'Quiet hours\n\n\nGuests need be quiet between 12:00 AM and 8:00 AM.', 'Pets\n\n\nFree!\nPets are allowed on request. No extra charges.']",4
Paros Parikia house,"Esodia tis Theotokou and Stratigou I.TH. Karavia, Parikia, 84400, Greece",9.3Wonderful 6 reviews,['Non-smoking rooms'],"<span class=""bui-u-sr-only"">
Original price
€ 1,610
Current price
€ 1,481
</span>",70 m²,['Pets\n\n\nPets are not allowed.'],
Maria Studios,"Parikia, Parikia, 84400, Greece",8.5Very Good 113 reviews,"['Non-smoking rooms', 'Free WiFi', 'Free parking', 'Family rooms']","<span class=""bui-u-sr-only"">
Price
€ 903
</span>",20 m²,"['Quiet hours\n\n\nGuests need be quiet between 11:00 PM and 7:00 AM.', 'Pets\n\n\nPets are not allowed.']",3
